MonitorDate,AMB_TEMP,CH4,CO,NMHC,NO,NO2,NOx,O3,PM10,PM2.5,RH,SO2,THC,WS_HR,Weekday,AQI,RAINFALL
2020/1/1,16.53,1.797,0.31,0.095,1.11,11.67,12.8,28.4,15,7,74.46,0.9,1.891,2.06,1,31,0
2020/1/2,18.45,1.901,0.43,0.163,4.55,19.05,23.62,19.3,21,9,73.29,1.8,2.064,0.86,1,36,0
2020/1/3,18.8,1.893,0.56,0.175,8.73,20.99,29.73,20.3,29,16,74.54,2.2,2.069,0.85,1,51,0
2020/1/4,19.59,1.936,0.6,0.203,8.87,20.84,29.71,21,38,25,76.31,2,2.138,0.68,0,73,0
2020/1/5,20.4,1.851,0.46,0.113,2.5,14.7,17.2,33.1,38,23,76.42,1.4,1.964,1.06,0,70,0
2020/1/6,19.48,1.907,0.56,0.152,3.94,17.85,21.81,23.3,61,35,82.45,1.8,2.058,0.88,1,100,0
2020/1/7,20.55,1.952,0.75,0.225,8.73,27.77,36.51,19.2,49,30,76.24,2.8,2.177,0.99,1,86,0
2020/1/8,19.14,1.869,0.54,0.14,2.12,15.33,17.45,34.3,37,17,65.53,1.4,2.009,2.5,1,53,0
2020/1/9,19.44,1.85,0.52,0.148,1.4,16.29,17.7,31.8,35,18,65.4,2.9,1.998,1.36,1,58,0
2020/1/10,19.66,1.885,0.56,0.168,7.38,18.83,26.22,23.6,34,18,74.62,2.4,2.053,0.86,1,57,0
2020/1/11,19.06,1.809,0.31,0.086,1.06,13.32,14.34,30,36,19,79.27,1.9,1.895,1.05,0,60,0
2020/1/12,15.48,1.801,0.42,0.116,2.29,9.58,11.87,28.3,21,10,77.44,2.7,1.917,2.64,0,32,0
2020/1/13,16.69,1.791,0.34,0.096,1.54,11.59,13.14,36,32,17,71.46,1.8,1.887,2.14,1,54,0
2020/1/14,17.78,1.794,0.34,0.094,1.07,12.98,14.08,33.1,36,18,76.7,2.4,1.888,1.73,1,58,14.4
2020/1/15,18.9,1.83,0.45,0.103,1.36,12.47,13.84,36.4,30,19,73.01,1.5,1.933,1.52,1,59,0
2020/1/16,18.83,1.805,0.39,0.106,1.29,12.55,13.89,36.3,24,13,78.72,1.7,1.912,1.28,1,46,0
2020/1/17,15.52,1.78,0.3,0.097,1.02,10.75,11.78,30.6,12,6,81.2,2,1.878,2.41,1,30,0
2020/1/18,14.67,1.832,0.45,0.11,1.28,12.15,13.46,29.2,33,18,71.21,1.6,1.942,2.33,0,56,0
2020/1/19,15.45,1.831,0.48,0.093,0.74,11.36,12.14,30.5,43,26,77.93,1.8,1.924,1.65,0,77,0
2020/1/20,16.07,1.848,0.52,0.112,1.37,13.2,14.59,34.8,33,20,69.02,1.6,1.96,2.08,1,63,0
2020/1/21,18.26,1.941,0.7,0.212,2.96,23.89,26.81,33.9,51,36,67.19,3.1,2.153,1.18,1,101,0
2020/1/22,19.5,2.053,0.96,0.285,9.46,26.94,36.41,22.4,66,43,77.53,3.1,2.339,0.7,1,120,0
2020/1/23,22.12,1.932,0.67,0.184,3.96,20.93,24.89,33.3,44,32,68.17,1.5,2.116,0.85,1,92,0
2020/1/24,19.53,1.829,0.43,0.069,0.48,8.95,9.5,34.2,32,20,86.58,0.8,1.898,1.65,1,63,0
2020/1/25,18.33,1.792,0.29,0.048,0.77,6.71,7.48,38.1,18,9,86.91,1.3,1.84,2.1,0,37,2.6
2020/1/26,17.27,1.765,0.21,0.037,0.82,5.9,6.74,36.4,6,3,87.61,1.5,1.801,1.62,0,40,138
2020/1/27,15.08,1.788,0.26,0.049,0.88,7.74,8.63,31.1,14,4,78.32,3.4,1.837,1.45,1,32,4.2
2020/1/28,14.11,1.799,0.35,0.049,0.83,6.82,7.69,36.8,17,6,72.17,1,1.848,2.19,1,37,0
2020/1/29,12.74,1.823,0.35,0.061,0.65,8.47,9.16,34.2,19,10,66.63,1.4,1.883,2.08,1,36,0
2020/1/30,12.19,1.851,0.42,0.076,1.04,9.91,11,42.2,34,25,52.82,2.7,1.927,1.87,1,75,0
2020/1/31,12.83,1.869,0.44,0.085,1.06,10.66,11.75,41.9,42,32,52.18,3.1,1.954,2.4,1,90,0
2020/2/1,14.26,1.872,0.37,0.093,0.98,12.76,13.78,38.9,34,23,59.18,2.1,1.964,1.63,0,69,0
2020/2/2,16.33,1.854,0.37,0.093,1.43,13.44,14.87,33.2,24,14,65.63,1.1,1.947,0.69,0,47,0
2020/2/3,17.25,1.831,0.34,0.098,2.57,12.88,15.47,30.1,26,15,73.6,1.7,1.93,1.57,1,48,0
2020/2/4,16.88,1.788,0.34,0.106,0.96,9.45,10.42,40.8,19,10,83.19,1.7,1.894,1.8,1,42,7.8
2020/2/5,16.48,1.771,0.27,0.085,1.19,8.85,10.02,40.7,20,12,75.43,2.6,1.856,2.8,1,40,3.2
2020/2/6,19.75,1.767,0.29,0.07,1.86,7.01,8.87,44.6,24,12,69.52,0.9,1.838,1.61,1,50,0
2020/2/7,15.91,1.744,0.27,0.084,1.1,9.04,10.17,37.2,15,5,84.44,1.8,1.828,1.69,1,37,8.6
2020/2/8,15.86,1.769,0.34,0.076,1.44,9.2575,10.6775,40.4,26,11,70.15,2.2,1.845,3.03,0,40,0
2020/2/9,15.36,1.801,0.32,0.076,0.76,7.94,8.73,41.1,27,16,68.26,1,1.877,2.59,0,52,0
2020/2/10,17.8,1.845,0.47,0.136,3.91,16.61,20.54,28.6,37,23,61.11,1.4,1.981,1.22,1,71,0
2020/2/11,18.33,1.858,0.45,0.135,2.87,15.59,18.46,32.5,59,35,79.48,1.1,1.993,0.75,1,98,0
2020/2/12,21.05,1.953,0.73,0.239,5.39,25.4,30.78,27.4,46,32,66.47,2.4,2.192,0.79,1,92,0.4
2020/2/13,21.73,1.865,0.46,0.128,1.51,19.43,20.93,30.3,39,27,73.45,1.3,1.993,0.86,1,79,1.2
2020/2/14,20.73,1.866,0.44,0.158,4.44,18.09,22.54,18.5,32,22,80.75,2.9,2.023,0.97,1,66,0.2
2020/2/15,22.99,1.804,0.4,0.175,2.74,15.61,18.4,24.6,28,19,74.72,2.3,1.979,0.98,0,59,1.2
2020/2/16,13.78,1.774,0.35,0.105,0.53,6.55,7.11,28.4,12,6,82.83,3.1,1.879,2.88,0,30,146
2020/2/17,11.81,1.753,0.24,0.072,0.99,5.88,6.85,41.9,33,14,56.97,1.5,1.825,3.28,1,45,0
2020/2/18,13.86,1.773,0.28,0.104,1.2225,8.945,10.2375,40.9,26,11,53.23,1.7,1.877,2.89,1,41,0
2020/2/19,16.15,1.854,0.41,0.14,4.79,15.03,19.8,30.3,27,12,68.67,1.1,1.994,0.67,1,46,0
2020/2/20,17.72,1.82,0.37,0.144,2.9,16.24,19.19,23.5,26,14,75.22,1.8,1.964,1.51,1,46,0
2020/2/21,17.51,1.828,0.33,0.13,1.97,13.08,15.11,27.9,35,15,81.91,1.5,1.958,0.53,1,47,0
2020/2/22,19.08,1.793,0.35,0.125,0.74,11.67,12.36,41.6,40,25,76.64,0.9,1.918,2.16,0,75,0
2020/2/23,20.57,1.775,0.3,0.075,0.65,8.04,8.75,45.3,38,18,65,1.8,1.85,2.25,0,56,0
2020/2/24,20.06,1.929,0.49,0.16,2.98,15.63,18.59,37.1,57,31,76.66,3.3,2.089,1.07,1,90,0
2020/2/25,21.6,1.887,0.62,0.195,6.16,22.91,29.06,21.2,38,27,69.44,1,2.081,0.86,1,80,0
2020/2/26,22.47,1.855,0.41,0.17,4.91,16.97,21.78,27.6,33,20,70.84,0.7,2.025,1.32,1,62,0
2020/2/27,19.85,1.732,0.31,0.115,1.18,10.09,11.26,43.9,30,13,74.52,1.1,1.847,2.93,1,43,0
2020/2/28,20.32,1.836,0.51,0.17,2.98,16.59,19.59,32.7,69,29,79.21,1.3,2.006,0.6,1,85,0
2020/2/29,22.36,1.947,0.44,0.17,4.94,17.88,22.84,23.4,32,19,68.99,1.3,2.117,0.9,0,61,0
2020/3/1,20.78,1.922,0.41,0.145,3.71,11.54,15.25,27.6,29,20,79.48,1.4,2.067,1.2,0,61,0
2020/3/2,18.08,1.743,0.32,0.095,1.1,8.85,9.97,43.3,25,10,68.81,0.8,1.838,3.02,1,44,0
2020/3/3,20.06,1.798,0.38,0.187,1.6,15.61,17.21,37.7,31,15,70.83,2.5,1.985,1.38,1,49,0
2020/3/4,17.73,1.783,0.33,0.123,0.83,11.76,12.6,34.8,19,10,79.7,1.6,1.906,2.5,1,40,0.2
2020/3/5,15.51,1.757,0.32,0.097,0.93,9.1,10.06,42.3,20,12,76.4,2.1,1.853,3,1,43,6.8
2020/3/6,18.66,1.845,0.53,0.219,3.51,19.41,22.94,29,29,14,74.76,2,2.064,0.66,1,45,0
2020/3/7,21.62,1.915,0.47,0.206,2.98,20.12,23.1,28.5,40,22,75.43,2,2.121,0.84,0,67,0
2020/3/8,22.22,1.796,0.32,0.092,0.4,9.33,9.67,41.1,39,21,78.59,1.8,1.888,0.94,0,65,0
2020/3/9,21.92,1.778,0.36,0.102,2.16,8.61,10.75,29.8,40,20,82.53,1.6,1.88,1.67,1,63,0.8
2020/3/10,19.02,1.808,0.33,0.123,1.19,12.1,13.32,33,16,10,77.37,1.8,1.931,2.18,1,40,56
2020/3/11,18.86,1.835,0.36,0.136,1.03,10.54,11.59,44.6,37,18,59.73,2.5,1.971,2.17,1,58,0
2020/3/12,19.56,1.956,0.59,0.251,5.83,23.64,29.5,18.9,45,28,78.29,2.4,2.207,0.69,1,83,1.6
2020/3/13,19.96,1.875,0.48,0.164,2.32,14.7,17.03,30.3,23,13,86.38,0.9,2.039,0.93,1,42,12
2020/3/14,16.86,1.802,0.33,0.086,0.69,9.22,9.95,47.3,32,16,70.83,1.2,1.888,2.76,0,51,2.8
2020/3/15,18.07,1.825,0.33,0.097,0.52,8.98,9.5,51.7,55,20,50.9,2,1.921,2.34,0,74,0
2020/3/16,20.32,1.845,0.4,0.195,1.06,14.76,15.84,48.3,38,17,46.15,1.3,2.04,1.07,1,100,0
2020/3/17,20.48,1.937,0.44,0.139,1.06,16.39,17.51,49.4,51,26,65.89,2,2.075,0.87,1,93,0
2020/3/18,20.49,1.92,0.47,0.164,1.6,17.24,18.85,38.9,42,29,75.24,2.1,2.083,0.82,1,84,1.2
2020/3/19,20.78,1.894,0.59,0.192,5.01,20.37,25.4,22.8,43,32,83.42,1.7,2.086,0.85,1,91,4.6
2020/3/20,22.12,1.959,0.51,0.18,1.34,18.35,19.69,40.3,52,30,74.44,2.7,2.14,1.08,1,87,0
2020/3/21,23.6,1.904,0.45,0.11,0.98,14.24,15.19,40.1,49,23,73.45,2.1,2.014,1.06,0,69,0
2020/3/22,25.28,1.848,0.38,0.068,0.94,10.78,11.73,42,39,23,70.05,3.3,1.916,2.13,0,68,0
2020/3/23,22.43,1.848,0.3,0.058,0.68,12.42,13.14,42.7,47,24,74.76,2.7,1.905,2.03,1,72,0
2020/3/24,22.52,1.831,0.28,0.127,1.27,12.9,14.18,39.4,36,16,71.91,2.2,1.957,1.54,1,51,0
2020/3/25,23.58,1.908,0.38,0.154,2.65,16.53,19.14,34.8,51,27,77.65,1.7,2.063,1.01,1,84,0
2020/3/26,25.81,1.978,0.47,0.17,3.94,16.7,20.66,33.5,42,25,69.6,1.2,2.148,0.77,1,75,0
2020/3/27,25.66,1.882,0.37,0.124,2.19,15.18,17.38,24,36,22,74.18,2.5,2.006,1.2,1,67,0
2020/3/28,18.92,1.823,0.28,0.056,0.58,9.09,9.68,36.2,12,7,82,1.4,1.879,2.04,0,38,12.4
2020/3/29,18.25,1.851,0.3,0.067,1.16,10.18,11.34,36.9,21,9,70.1,2.4,1.918,1.85,0,41,0
2020/3/30,19.73,1.927,0.43,0.115,1.72,14.27,16,22.5,19,9,80.24,2.3,2.041,1.01,1,30,1.066666667
2020/3/31,21.14,1.878,0.38,0.114,1.48,14.05,15.57,33.7,21,10,79.45,1.9,1.991,1.15,1,38,5
2020/4/1,18.52,1.825,0.32,0.088,1.02,10.5,11.53,37.3,16,7,77.04,2.5,1.913,2.09,1,40,13.8
2020/4/2,18.92,1.863,0.33,0.098,0.94,12.72,13.74,40.9,26,15,79.79,1.9,1.96,1.48,1,48,18.8
2020/4/3,20.07,1.838,0.33,0.06,0.62,8.69,9.32,47.7,44,20,80.43,2.3,1.898,1.88,1,62,0.2
2020/4/4,18.6,1.81,0.27,0.052,0.72,7.33,8.08,53,28,15,74.75,2,1.861,2.3,0,61,0
2020/4/5,18.07,1.82,0.31,0.063,0.76,9.04,9.8,54.9,36,18,68,1.8,1.882,2.45,0,71,2.2
2020/4/6,18.73,1.837,0.33,0.12,1.25,16.15,17.41,36.9,29,14,73.1,2.2,1.957,1.65,1,45,7.2
2020/4/7,17.35,1.807,0.26,0.087,0.72,12.08,12.84,44,22,11,77.23,2.1,1.893,2.1,1,46,1.4
2020/4/8,19.6,1.832,0.35,0.152,1.74,16.05,17.79,39.2,32,15,68.2,1.8,1.984,1.96,1,47,0
2020/4/9,21.43,1.834,0.34,0.108,1.55,12.13,13.67,52.1,30,17,64.77,2.4,1.942,1.89,1,80,0
2020/4/10,23.38,1.853,0.46,0.12,2.29,15.7,17.99,42.2,31,16,60.37,2.2,1.973,1.1,1,84,3.666666667
2020/4/11,20.4,1.938,0.4,0.12,1.6,14.28,15.87,35.3,38,23,80.55,1.1,2.058,0.7,0,70,20.2
2020/4/12,16.66,1.841,0.27,0.073,1.2,8.1,9.31,46.7,19,11,69.86,1.2,1.914,1.72,0,67,1
2020/4/13,17.17,1.805,0.28,0.072,1.84,9.85,11.69,55.2,41,20,45.4,2.4,1.878,1.82,1,115,0
2020/4/14,20.02,1.891,0.38,0.106,1.52,13.23,14.75,62.2,41,23,46.88,2.3,1.997,1.18,1,132,0
2020/4/15,21.6,1.994,0.39,0.113,1.07,12.92,13.99,59.7,47,28,63.26,1.9,2.107,1.34,1,132,0.2
2020/4/16,22.24,2.086,0.45,0.187,3.5,21.46,24.97,42.3,42,25,58,2.1,2.273,0.98,1,115,0
2020/4/17,23.49,1.948,0.5,0.156,2.76,18.03,20.78,32.7,38,23,66.92,0.8,2.104,1.3,1,69,0
2020/4/18,25.04,1.906,0.41,0.128,1.52,13.95,15.47,37.1,45,27,68.16,1.9,2.034,0.94,0,80,0
2020/4/19,25.88,1.887,0.43,0.097,2.04,11.37,13.41,22.7,38,22,76.76,2.7,1.984,1.65,0,67,0
2020/4/20,26.75,1.864,0.41,0.122,2.11,11.72,13.83,42.3,34,19,66.93,2.6,1.985,1.02,1,112,0
2020/4/21,22.95,1.815,0.42,0.09,1.12,8.26,9.38,58.3,30,13,78.71,1.5,1.905,1.49,1,80,0
2020/4/22,20.08,1.805,0.3,0.075,0.75,8.37,9.18,52.3,11,5,75.62,1.5,1.881,2.85,1,64,4
2020/4/23,19.13,1.823,0.31,0.098,0.9,10.42,11.34,49,15,10,77.18,1.5,1.921,2.32,1,51,6
2020/4/24,18.04,1.81,0.32,0.093,1.4,11.27,12.68,49,11,8,74.31,1.3,1.904,2.1,1,51,1
2020/4/25,21.17,2.015,0.49,0.168,3.47,17.68,21.15,33.4,33,23,73.67,1.8,2.183,0.66,0,80,0
2020/4/26,22.27,1.966,0.45,0.11,1.62,11.96,13.59,34.5,28,19,72.56,1.5,2.076,1.2,0,60,0.2
2020/4/27,23.57,1.874,0.35,0.134,2.56,16.3,18.86,33.3,20,10,63.19,1.6,2.008,1.15,1,35,0
2020/4/28,24.95,1.814,0.29,0.083,1.91,9.86,11.77,50.5,33,12,54.73,1.7,1.898,2.19,1,71,0
2020/4/29,25.18,1.881,0.42,0.116,1.81,12.2,14.01,52.4,45,24,61.54,2.5,1.997,0.93,1,146,0.4
2020/4/30,25.28,1.907,0.41,0.142,1.62,15.16,16.78,43.6,48,29,66.21,2.4,2.048,0.88,1,84,0
2020/5/1,25.49,1.981,0.48,0.16,1.91,17.96,19.87,35.3,49,31,67.09,1.5,2.141,0.84,1,90,1.6
2020/5/2,26.73,1.902,0.42,0.107,2.29,13.51,15.8,35.1,37,26,63.99,1.8,2.009,1.02,0,76,0.4
2020/5/3,27.59,1.775,0.27,0.06,2.24,7.92,10.16,21.5,25,13,71.9,2.3,1.835,2.14,0,42,0
2020/5/4,28.16,1.75,0.27,0.053,1.47,5.73,7.23,26.7,25,13,71.19,2.6,1.803,1.8,1,41,0
2020/5/5,28.82,1.801,0.3,0.09,1.73,7.67,9.43,26.5,35,16,67.48,2.5,1.891,2.38,1,52,0
2020/5/6,28.63,1.763,0.31,0.107,2.25,10.32,12.56,21.8,27,12,65.25,2.4,1.869,2.44,1,40,0
2020/5/7,26.67,1.803,0.3,0.103,1.44,10.13,11.57,32.3,14,7,75.02,2.4,1.906,0.75,1,43,21.4
2020/5/8,28.67,1.768,0.25,0.094,4.43,10.56,14.99,16.8,25,12,70.34,2.8,1.863,1.76,1,39,0
2020/5/9,29.6,1.723,0.17,0.062,3.06,7.77,10.84,14.6,20,9,66.26,1.8,1.785,2.36,0,29,0
2020/5/10,29.06,1.733,0.22,0.055,1.52,6.23,7.77,24.9,26,11,70.33,1.5,1.788,1.31,0,35,0
2020/5/11,26.97,1.838,0.43,0.127,1.22,9.79,11.02,43.8,32,18,75.2,1.6,1.965,1.35,1,71,0.2
2020/5/12,24.72,1.856,0.4,0.14,1.16,12.91,14.07,35.1,30,16,77.61,2.2,1.996,1.22,1,53,4
2020/5/13,27.25,1.879,0.45,0.117,0.74,12.39,13.18,57.5,42,23,56.88,1.5,1.996,1.53,1,136,0
2020/5/14,27.54,1.89,0.4,0.104,1.58,12.59,14.19,50.9,54,27,67.28,1.9,1.994,1.18,1,143,0
2020/5/15,28.79,1.856,0.37,0.092,1.96,10.17,12.13,32.8,37,16,64.5,2,1.948,1.2,1,54,0
2020/5/16,28.59,1.775,0.32,0.092,3.84,10.75,14.59,17.8,23,11,69.69,1.7,1.868,1.04,0,35,13
2020/5/17,28.92,1.73,0.23,0.063,3.04,7.42,10.46,20,17,4,64.23,1.5,1.792,1.1,0,28,0
2020/5/18,26.8,1.715,0.27,0.068,2.64,9.41,12.06,23.3,21,8,75.94,2,1.783,2.04,1,32,34.2
2020/5/19,24.68,1.787,0.32,0.126,2.67,15.49,18.16,23.4,15,7,80,2,1.913,1.23,1,33,15.4
2020/5/20,25.78,1.855,0.45,0.162,3.34,15.54,18.88,23.6,21,11,75.65,0.8,2.017,0.82,1,48,0
2020/5/21,26,1.863,0.41,0.157,3.08,15.26,18.33,19.9,21,10,79.86,2.4,2.019,0.77,1,37,31
2020/5/22,24.43,1.859,0.33,0.133,1.73,12.82,14.55,32.7,6,3,89.1,1.4,1.992,1.16,1,41,121.4
2020/5/23,24.59,1.79,0.34,0.098,1.88,10.14,12.01,38.8,8,4,84.89,1.5,1.888,1.55,0,41,8.8
2020/5/24,27.24,1.813,0.31,0.092,1.67,10.8,12.47,35.3,20,9,70.52,1.4,1.904,1.51,0,61,0
2020/5/25,28.03,1.834,0.37,0.108,1.6,10.99,12.59,30.5,24,12,70.55,2.2,1.943,0.89,1,54,0
2020/5/26,28.4,1.771,0.24,0.091,2.16,9.01,11.18,23.5,21,9,73.9,2,1.862,2.17,1,32,3.4
2020/5/27,25.57,1.787,0.27,0.116,2.19,13.02,15.2,22.2,12,5,80.41,1.9,1.903,1.37,1,31,38.2
2020/5/28,24.15,1.899,0.41,0.23,4.11,20.23,24.34,16.4,14,9,88.65,1.5,2.129,0.83,1,32,80.4
2020/5/29,27.05,1.928,0.5,0.21,6.15,15.78,21.93,25.5,21,12,78.7,2.1,2.138,0.76,1,48,0.6
2020/5/30,29.09,1.787,0.34,0.075,2.38,7.95,10.32,21.2,20,8,71.2,1.1,1.862,2.5,0,33,0
2020/5/31,29.96,1.664,0.19,0.037,1.83,6.53,8.37,23.3,12,6,65.64,2.1,1.701,2.85,0,29,0
2020/6/1,29.6,1.716,0.25,0.056,3.19,7.83,11.02,15.4,15,8,72.72,2.3,1.772,2.2,1,24,0
2020/6/2,28.98,1.718,0.22,0.063,3.98,7.04,11.01,15.2,14,5,72.82,1.7,1.78,2.11,1,19,0
2020/6/3,29.96,1.721,0.19,0.064,4,6.67,10.67,10.7,13,6,63.16,2,1.785,2.7,1,21,0
2020/6/4,30.3,1.694,0.14,0.059,1.8,6.02,7.82,19.5,17,6,60.85,2.4,1.753,3.04,1,28,0
2020/6/5,30.33,1.694,0.12,0.064,2.59,7.54,10.13,17.7,18,8,63.79,1.7,1.758,2.99,1,25,0
2020/6/6,30.59,1.682,0.14,0.037,1.23,5.98,7.22,17.9,14,7,62.63,1.6,1.719,2.89,0,23,0
2020/6/7,27.8,1.735,0.22,0.057,2.09,9.62,11.72,21.4,11,6,72.81,1.2,1.792,1.62,0,29,27.8
2020/6/8,26.2,1.747,0.28,0.105,6.14,10.89,17.04,8.1,16,7,78.55,1.6,1.852,1.02,1,22,12.86666667
2020/6/9,27.53,1.775,0.39,0.133,6.76,13.31,20.07,12.2,15,7,69.05,1.5,1.908,1.08,1,23,0.8
2020/6/10,29.01,1.765,0.33,0.105,5.74,11.67,17.42,18.4,19,9,66.01,2.1,1.87,1.68,1,36,0
2020/6/11,29.49,1.756,0.24,0.093,2.19,11.05,13.25,19.1,19,10,72.59,2.2,1.85,1.64,1,32,0
2020/6/12,30.23,1.713,0.2,0.055,2.11,7.41,9.52,18.1,19,8,69.28,1.7,1.768,1.03,1,26,0
2020/6/13,30.36,1.717,0.28,0.052,1.79,7.94,9.73,30.9,22,11,68.67,2.1,1.769,0.91,0,48,0
2020/6/14,30.08,1.726,0.21,0.041,1.56,6.93,8.49,30.6,21,9,68.38,1.7,1.767,1.56,0,44,17
2020/6/15,29.92,1.69,0.15,0.063,2.94,8.51,11.45,22.5,19,7,69.48,1.9,1.753,2.33,1,32,2.6
2020/6/16,30.42,1.688,0.21,0.057,2.67,6.74,9.41,19.2,16,6,63.06,1.9,1.745,2.35,1,26,0
2020/6/17,30.59,1.709,0.2,0.059,2,6.6825,8.7075,20.3,19,8,61.41,1.6,1.768,3.05,1,29,0
2020/6/18,30.71,1.705,0.18,0.065,1.38,7.97,9.37,19.9,15,8,59.48,2,1.77,3.01,1,31,0
2020/6/19,30.91,1.725,0.24,0.065,2.4,8.02,10.42,16.8,17,8,60.21,2.4,1.79,2.82,1,27,0
2020/6/20,30.81,1.742,0.2,0.086,2.47,9.29,11.76,18.9,18,10,63,2.1,1.828,2.38,0,33,0
2020/6/21,31.14,1.727,0.14,0.059,1.47,6.88,8.35,22.8,20,12,60.97,1.8,1.786,2.6,0,38,0
2020/6/22,31.57,1.698,0.17,0.049,1.92,6.65,8.57,17.8,18,8,58.87,2.6,1.747,3.07,1,25,0
2020/6/23,31.67,1.709,0.24,0.071,1.94,8.06,9.99,19.9,20,8,58.85,2,1.78,2.38,1,30,0
2020/6/24,31.17,1.695,0.21,0.064,2.1,7.11,9.21,21.3,19,7,63.56,2.4,1.76,2.42,1,30,0
2020/6/25,31.64,1.687,0.16,0.054,1.48,5.85,7.33,18.5,16,6,58.06,1.8,1.741,2.36,1,24,0
2020/6/26,31.62,1.705,0.2,0.054,1.54,5.82,7.36,21.2,11,7,58.62,1.2,1.759,2.05,1,29,0
2020/6/27,31.04,1.722,0.23,0.058,1.92,7.48,9.39,23.3,16,8,63.05,3,1.78,2.32,0,35,0
2020/6/28,31.1,1.715,0.16,0.049,2.28,5.91,8.18,20.7,15,7,63.75,2.1,1.764,1.87,0,30,0
2020/6/29,31.4,1.72,0.23,0.07,2.1,7.8,10,19.3,18,7,62,1.5,1.79,3.1,1,27.5,0
2020/6/30,31.36,1.699,0.11,0.061,2.3,6.57,8.87,20.7,15,6,65.83,2.5,1.76,3.42,1,29,0
2020/7/1,31.02,1.738,0.25,0.073,2.97,7.06,10.04,20.9,12,6,63.72,2.5,1.811,1.84,1,29,0
2020/7/2,30.48,1.745,0.33,0.094,3.34,11.55,14.89,18.5,18,8,66.25,2.1,1.839,1.37,1,37,0.4
2020/7/3,30.6,1.735,0.25,0.081,3.45,9.61,13.07,21.4,20,9,65.32,2,1.816,1.94,1,36,0
2020/7/4,30.92,1.725,0.28,0.06,2.62,8.75,11.37,19.2,16,9,65.98,1.7,1.785,1.81,0,31,0
2020/7/5,31.05,1.728,0.26,0.065,2.18,8.18,10.36,20.6,19,12,61.91,2.3,1.793,2.25,0,38,0
2020/7/6,31.06,1.707,0.22,0.061,1.87,6.64,8.51,16.9,18,9,61.98,1.8,1.768,2.61,1,28,0
2020/7/7,31.36,1.692,0.15,0.055,1.67,6.61,8.27,20.7,14,5,60.15,2.3,1.747,2.9,1,26,0
2020/7/8,31.18,1.691,0.19,0.058,2.19,7.26,9.45,17.9,14,7,63.03,2.6,1.75,2.85,1,25,0
2020/7/9,31.6,1.67,0.17,0.055,1.65,4.98,6.64,21.2,20,7,58.59,2.6,1.724,3.36,1,29,0
2020/7/10,31.63,1.68,0.21,0.053,2.28,5.08,7.36,16.9,18,7,57.68,1.6,1.733,2.95,1,23,0
2020/7/11,31.23,1.715,0.18,0.066,2.84,8.6,11.44,16,16,9,62.43,2.1,1.781,1.81,0,31,0
2020/7/12,31.47,1.75,0.18,0.064,3.14,8.26,11.39,13.6,14,9,59.95,1.8,1.814,1.53,0,30,0
2020/7/13,31.89,1.735,0.21,0.068,3.09,8.62,11.71,18.6,17,11,59.45,2.6,1.803,1.73,1,34,0
2020/7/14,31.34,1.735,0.24,0.066,1.29,8.47,9.79,35.3,21,12,64.39,2.2,1.8,1.13,1,46,0
2020/7/15,31.42,1.719,0.31,0.065,1.36,8.09,9.46,38.7,22,13,65.85,2.4,1.784,2.1,1,67,0
2020/7/16,31.86,1.693,0.17,0.063,2.88,5.87,8.75,19.4,14,6,52.53,2,1.755,1.96,1,23,0
2020/7/17,31.74,1.691,0.21,0.063,2.72,7.82,10.54,18.3,17,6,58.37,1.9,1.754,2.66,1,26,0
2020/7/18,31.66,1.683,0.16,0.054,2.86,6.99,9.85,15.7,15,7,61.48,1.2,1.737,2.61,0,22,0
2020/7/19,31.54,1.709,0.23,0.054,2.54,7.66,10.2,20.3,18,10,63.77,2.7,1.763,2.23,0,31,0
2020/7/20,31.06,1.715,0.2,0.063,3.16,8.48,11.64,18.3,15,10,62.2,2.4,1.778,1.64,1,32,0
2020/7/21,31.37,1.744,0.27,0.071,2.56,8.82,11.38,17,16,8,58.1,1.7,1.815,1.23,1,27,0
2020/7/22,31.36,1.79,0.2,0.052,1.6,6.14,7.74,20.6,12,6,62.09,0.9,1.847,1.28,1,27,0
2020/7/23,31.1,1.85425,0.22,0.07425,2.95,9.02,11.97,21.5,19,9,64.88,2.3,1.9285,1.48,1,34,0
2020/7/24,31.6,1.748,0.22,0.08175,3.42,9.78,13.19,13.9,15,8,60.27,3,1.82975,1.92,1,25,0
2020/7/25,31.21,1.91,0.23,0.0475,1.77,9.84,11.62,15.8,15,7,68.8,2.3,1.955,1.65,0,26,0
2020/7/26,31.2,1.791,0.26,0.048,2.57,8.88,11.45,16.2,13,8,61.93,1.4,1.83925,1.76,0,25,0
2020/7/27,30.64,1.773,0.31,0.127,3.05,11.8,14.85,13.5,17,8,64.11,2.7,1.9,1.36,1,27,0.8
2020/7/28,29.47,1.795,0.25,0.107,4.81,12.93,17.74,12.8,16,8,69.82,1.3,1.902,0.96,1,28,0.8
2020/7/29,30.26,1.778,0.27,0.095,2.97,9.57,12.54,35.2,22,12,70.12,2.8,1.873,1.08,1,100,0.8
2020/7/30,30.93,1.817,0.27,0.127,3.98,13.08,17.06,25.4,22,12,66.36,2.4,1.944,0.89,1,42,0
2020/7/31,31.63,1.852,0.4,0.105,2.35,11.33,13.69,60.9,39,28,63.25,2.6,1.956,1.04,1,203,0
2020/8/1,31.41,1.856,0.34,0.087,1.54,9.54,11.09,54.5,41,30,66.93,3.2,1.943,1.12,0,143,0
2020/8/2,30.67,1.733,0.19,0.056,1.34,7.04,8.38,22.4,18,9,64.66,1.5,1.789,1.05,0,33,0.2
2020/8/3,28.2,1.7,0.25,0.07,3.2,9.9,13.1,14.75,9.58,6.7,77.3,0.6,1.8,1.95,1,22,34
2020/8/4,29.9,1.7,0.21,0.07,1.9,7.8,9.8,20.34,10.78,6,64.6,1.9,1.8,1.98,1,27,1
2020/8/5,29.7,1.8,0.33,0.12,3.3,13.3,16.6,19.78,16.4,8.9,71,1.98,1.93,0.93,1,39,0.8
2020/8/6,31.7,1.8,0.28,0.1,5,9.4,14.5,16.73,19.5,7.6,60.8,1.17,1.89,0.9,1,35,0
2020/8/7,30.7,1.8,0.27,0.06,2.4,7.9,10.3,24.75,19.3,10.9,66.7,1.67,1.8,1.05,1,35,0
2020/8/8,30.5,1.7,0.22,0.05,0.7,7.6,8.3,23.4,20.3,11.7,69.2,1.38,1.78,1.18,0,38,0
2020/8/9,30.7,1.74,0.24,0.06,1.6,8.5,10.1,20.6,16,10,64,1.5,1.8,1.3,0,32,0
2020/8/10,29.9,1.8,0.24,0.07,1.7,9.8,11.5,26.2,19.1,13.2,69.7,2.49,1.84,1,1,43,6
2020/8/11,28.4,1.8,0.33,0.12,2.7,14.2,16.9,18.2,19,9,77,2.4,1.91,0.8,1,34,67.2
2020/8/12,29,1.83,0.42,0.13,4.3,14.2,18.5,21.4,21,10,75,1.9,1.96,0.9,1,58,0.4
2020/8/13,30.3,2,0.28,0.08,3.5,9,12.5,19.9,20,8,65,2.8,2.08,0.8,1,40,0
2020/8/14,29.7,1.82,0.19,0.06,3.6,8.6,12.2,19.3,15,7,66,0.8,1.89,1,1,27,4.2
2020/8/15,28.6,1.83,0.3,0.08,3.9,10.9,14.9,18,18,9,73,2.3,1.91,0.9,0,31,9.6
2020/8/16,28.4,1.86,0.26,0.09,3.1,10.2,13.3,17.3,22,10,73,2.9,1.94,1,0,37,1
2020/8/17,29.5,1.89,0.27,0.09,2.8,10.2,12.9,33.6,25,17,68,4.2,1.97,1,1,54,0
2020/8/18,29.9,1.9,0.33,0.11,3.5,13.3,16.7,33.8,31,19,67,2.4,2.01,1.1,1,87,0
2020/8/19,31.2,1.84,0.34,0.08,1.7,10.4,12.1,29.8,31,19,63,3.1,1.92,1.2,1,59,0
2020/8/20,31.5,1.87,0.26,0.08,1.6,9.9,11.4,39.3,42,29,63,2.5,1.95,1.1,1,84,0
2020/8/21,32,1.86,0.26,0.09,1.3,9.1,10.4,40,33,25,58,1.3,1.95,1.1,1,118,0
2020/8/22,29.9,1.78,0.18,0.06,2,7.8,9.8,16.9,10,6,66,1.7,1.84,1.3,0,27,0.4
2020/8/23,29.4,1.79,0.24,0.05,2.6,7.4,10,25.4,12,8,71,2.7,1.83,1.7,0,37,6.4
2020/8/24,30.6,1.8,0.25,0.06,1.9,8.4,10.3,33.9,19,11,67,2.3,1.85,2.7,1,45,0
2020/8/25,31.5,1.8,0.28,0.06,1,6.9,7.9,37.1,23,12,64,1.4,1.85,2.7,1,64,0
2020/8/26,32.1,1.81,0.22,0.06,1.2,5.9,7,33.4,17,11,55,0.6,1.87,2.2,1,40,0
2020/8/27,31,1.81,0.26,0.08,1.9,7.6,9.4,22,11,6.5,59,1.2,1.89,1.4,1,27,0
2020/8/28,30.7,1.83,0.29,0.07,3.1,9.6,12.7,25.1,15,9.75,63,3,1.9,1.5,1,38,0
2020/8/29,30.2,1.9,0.35,0.09,2.2,11.8,14,27.9,22,12.75,70,2.9,1.98,0.9,0,44,0.2
2020/8/30,30.9,1.79,0.2,0.06,1.6,5.7,7.3,19.2,17,8,64,2.8,1.85,1.4,0,32,0
2020/8/31,29.6,1.8,0.22,0.07,3.1,6.7,9.8,12.7,16,6.5,68,1.9,1.87,1.7,1,19,5
2020/9/1,29.4,1.84,0.23,0.07,3.5,8.2,11.7,31.7,26,15,70,3.1,1.91,1.1,1,51,5.6
2020/9/2,31.3,1.85,0.32,0.07,2.2,9.1,11.4,43.5,33,19,63,4.3,1.92,2.3,1,71,0
2020/9/3,29.3,1.97,0.28,0.09,2.1,9.6,11.7,42.8,26,17,73,1.6,2.05,1,1,74,4
2020/9/4,29.7,1.94,0.34,0.08,2,8.3,10.2,43,31,17,66,3.5,2.02,1.6,1,87,0
2020/9/5,28.9,1.93,0.29,0.06,1.5,7,8.6,51.7,30,15,60,3.3,1.98,1.8,0,84,0
2020/9/6,28.3,1.93,0.28,0.04,1,7,8,61.9,29,16,48,2.3,1.96,1.3,0,136,0
2020/9/7,29.3,2.05,0.4,0.15,2.8,17.1,19.9,63.6,43,24,42,4.7,2.2,0.9,1,197,0
2020/9/8,30.2,2.03,0.46,0.13,1.6,15.8,17.3,60.6,46,29,52,5.1,2.16,0.9,1,161,0
2020/9/9,29.7,1.92,0.35,0.09,1.9,10.2,12.2,40.1,31,19,62,4.6,2.01,1,1,59,0
2020/9/10,29.5,1.94,0.4,0.1,2.6,12.7,15.3,37.6,35,23,66,3.6,2.04,0.8,1,84,0
2020/9/11,30.7,2,0.44,0.1,2.9,11.5,14.4,28.5,24,13,65,2.2,2.1,1.8,1,41,0
2020/9/12,29.6,1.97,0.34,0.11,2.3,11.9,14.2,23.8,21,12,70,1.1,2.08,1.1,0,40,0
2020/9/13,29,1.94,0.21,0.07,1.5,8.4,9.9,29.5,15,7,72,2.3,2.01,1.6,0,43,0
2020/9/14,29.5,1.92,0.2075,0.07,1.8,6.8,8.5,32.7,14,7,73,1.8,1.99,1.4,1,44,0
2020/9/15,29.6,1.93,0.28,0.1,2.5,10.4,12.9,25.8,20,10,72,1.6,2.03,0.9,1,38,0
2020/9/16,30.5,1.97,0.31,0.12,2.5,13.1,15.6,33.5,26,16,68,2.4,2.09,0.9,1,84,0
2020/9/17,30.4,1.96,0.34,0.12,3.1,12.6,15.7,27.7,26,15,65,1.3,2.08,0.7,1,49,0
2020/9/18,30.6,1.95,0.28,0.1,2.5,11.2,13.7,37.8,32,15,65,2,2.05,1.2,1,90,0
2020/9/19,29.9,1.9,0.23,0.07,2.4,8.9,11.3,27,25,11,73,1.5,1.97,1.2,0,37,0.4
2020/9/20,28,1.92,0.22,0.06,1.6,7.6,9.2,29.1,15,5,76,1,1.98,1.8,0,42,18.4
2020/9/21,28.2,1.95,0.26,0.07,1.7,9.5,11.2,45.3,25,9,63,2.8,2.02,2.4,1,67,0
2020/9/22,27.9,1.94,0.27,0.09,1.9,10.3,12.3,48.9,28,11,56,2.7,2.03,2.2,1,87,0
2020/9/23,28.1,1.99,0.26,0.11,1.8,12.7,14.6,47,26,11,59,3.5,2.1,1.4,1,90,0
2020/9/24,26.1,1.96,0.3,0.14,2.2,11.5,13.7,37,18.5,7,74,2.5,2.1,1.8,1,38,0.2
2020/9/25,25.6,2,0.3,0.11,1.5,11.7,13.1,53.6,29.25,14,69,2.2,2.1,2.2,1,87,0
2020/9/26,25.6,1.97,0.26,0.09,1.3,13.2,14.4,42.1,25.25,10,67,1.9,2.06,2.5,0,41,0
2020/9/27,22.5,2,0.29,0.09,2.1,11.7,13.8,37.2,9.25,5,85,1.4,2.09,1.6,0,44,22
2020/9/28,23.4,2.05,0.37,0.15,3.9,17.6,21.5,23,15.25,7,86,1.9,2.2,1.1,1,27,2.8
2020/9/29,25.6,1.98,0.28,0.13,1.7,14.5,16.2,32.9,25,10,69,1.8,2.12,1.4,1,44,0
2020/9/30,22.8,1.95,0.26,0.08,1.7,10.4,12.1,41.4,18,9,76,1.3,2.03,2,1,40,1.6
2020/10/1,26.2,1.99,0.32,0.07,0.9,8.7,9.6,51,29,14,62,2.7,2.07,2.4,1,74,0
2020/10/2,27.4,2,0.27,0.09,1.9,10.5,12.3,39,31,17,65,3,2.09,1.1,1,61,0
2020/10/3,28.1,2.01,0.31,0.08,2.7,11.1,13.7,33.9,28,16,65,2,2.09,0.9,0,80,0
2020/10/4,28.4,2.02,0.34,0.09,1.8,10.9,12.7,40.2,28,18,64,2.7,2.12,1.1,0,115,0
2020/10/5,25.8,1.98,0.25,0.06,1.6,7.7,9.2,41.6,29,13,73,1.8,2.04,3.4,1,48,0
2020/10/6,24.9,1.97,0.26,0.07,2.4,8.6,11,40.4,30,9,63,2.2,2.05,3.5,1,41,0
2020/10/7,25.1,1.98,0.28,0.09,1.7,9.7,11.4,42.1,30,10,59,2.2,2.07,3.3,1,46,0
2020/10/8,24.8,1.96,0.26,0.06,2.7,8.7,11.3,41.8,29,11,64,1.6,2.02,3,1,41,0
2020/10/9,24.8,1.94,0.21,0.07,1.7,8.6,10.3,39.9,33,14,66,2.3,2.01,3,1,44,0
2020/10/10,24.8,1.97,0.19,0.06,1.8,7.1,8.9,39,28,11,72,2,2.03,2.9,0,42,0
2020/10/11,26.9,1.95,0.22,0.05,1.3,6.8,8.1,35.5,15,8,73,1.6,2.01,2.3,0,40,0
2020/10/12,26.3,1.93,0.21,0.08,1.6,7.9,9.4,34,16,7,81,3.1,2.01,2.3,1,35,0
2020/10/13,26.1,1.93,0.25,0.07,1.2,8.2,9.4,40,17,7,77,2.5,1.99,2.5,1,38,0
2020/10/14,26.9,1.94,0.28,0.06,1.4,8,9.4,45.1,29,10,66,2.4,2,2.7,1,47,0
2020/10/15,27.1,1.91,0.25,0.05,1.2,7.3,8.5,44,30,11,64,1,1.96,2.8,1,49,0
2020/10/16,27.1,1.94,0.27,0.07,1.6,6.2,7.8,44.6,28,12,68,2.4,2,2.5,1,44,0
2020/10/17,24.5,1.96,0.25,0.06,1,6.7,7.7,49.9,23,11,71,3.2,2.03,3.4,0,49,0
2020/10/18,23.8,1.95,0.2,0.04,1.3,3.8,5.1,53.9,22,11,73,2.6,2,3.5,0,61,0
2020/10/19,24.3,1.96,0.25,0.06,1.5,5.2,6.7,56.1,26,12,69,2.9,2.02,3.6,1,64,0
2020/10/20,25.2,1.95,0.27,0.07,1.7,6.6,8.3,51.9,28,12,71,2.3,2.02,3.7,1,58,0
2020/10/21,26.7,1.93,0.22,0.07,1.9,6.4,8.3,35.8,18,7,75,2.6,2,2.9,1,33,0
2020/10/22,21.9,1.99,0.3,0.09,1.8,6.6,8.3,44.8,11,6,85,4.9,2.08,3.1,1,49,1
2020/10/23,20.8,2.01,0.36,0.1,2,11.4,13.4,39.7,51,22,73,1.95,2.11,3.2,1,67,2
2020/10/24,23,1.95,0.23,0.04,1.5,5.8,7.3,46.5,47,14,57,4.7,2,3.7,0,47,0
2020/10/25,24.9,1.95,0.21,0.05,2,7.3,9.2,38.9,17,6,58,2.7,2,2,0,42,0
2020/10/26,26.2,1.97,0.22,0.07,2.3,8.9,11.2,35.1,20,6,58,2.6,2.04,2.1,1,42,0
2020/10/27,27,1.95,0.21,0.07,1.8,9.3,11.1,33.7,21,7,55,2.1,2.02,1.9,1,41,0
2020/10/28,26.9,1.94,0.18,0.08,2.2,8.6,10.8,33.3,24,11,61,2.3,2.01,2.6,1,39,0
2020/10/29,25,1.94,0.25,0.06,1.1,7.1,8.2,47.2,30,12,68,2.4,2,3.1,1,50,0
2020/10/30,23.8,1.97,0.27,0.06,2,7.2,9.1,50.5,40,13,58,1.8,2.03,3.7,1,50,0
2020/10/31,23.8,1.98,0.26,0.07,1.4,7.4,8.8,49,28,7,53,2,2.05,3.1,0,51,0
2020/11/1,25.4,1.98,0.25,0.06,1,7.2,8.2,42.8,21,10,61,2.2,2.03,1.2,0,54,0
2020/11/2,24.9,1.95,0.23,0.06,1.4,6.7,8.1,45.4,27,8,65,2.6,2.01,3,1,50,0
2020/11/3,22,2.02,0.33,0.08,1.5,9,10.4,54,62,25,68,3.3,2.1,3.5,1,101,0.8
2020/11/4,22,1.95,0.22,0.07,1.7,7.6,9.3,40.7,34,10,59,2.9,2.01,3.6,1,42,0
2020/11/5,24.1,1.94,0.22,0.07,1.8,6.8,8.6,39.3,23,6,62,4,2.01,2.8,1,42,0
2020/11/6,27.7,2,0.36,0.15,2.5,15.1,17.6,38.3,30,12,70,1.775,2.15,1.4,1,58,0
2020/11/7,25.1,2.03,0.32,0.14,1.5,11.2,12.8,31.1,49,21,82,1.5,2.17,1.5,0,63,0.4
2020/11/8,21.1,2.03,0.32,0.06,1.2,5.2,6.4,64.5,24,15,78,3,2.09,3.9,0,108,0.2
2020/11/9,21.7,1.95,0.21,0.05,2,6.1,8,45.9,45,14,63,2.9,2.01,3.9,1,64,0
2020/11/10,21.1,1.94,0.17,0.06,2,6.9,8.8,37.3,21,6,68,2.2,2,3.6,1,35,3.066666667
2020/11/11,22.8,1.94,0.22,0.05,2.3,6.6,8.8,44.2,31,9,58,2.225,1.99,4.2,1,44,0
2020/11/12,23.7,1.93,0.24,0.06,1.6,5.6,7.2,42,22,8,67,1.6,1.99,3.9,1,42,0
2020/11/13,22.9,1.94,0.22,0.08,2.1,9.1,11.2,36.2,18,9,79,3.5,2.02,3.5,1,38,3.8
2020/11/14,23.5,1.93,0.18,0.05,1.6,6,7.6,42.2,19,8,66,2.4,1.99,3.4,0,43,0.4
2020/11/15,25.8,2.02,0.31,0.1,2.4,11.1,13.5,30.9,21,8,59,1.7,2.12,1.6,0,39,0
2020/11/16,25.6,1.99,0.25,0.1,4,11.3,15.4,21.7,16,5,65,1.975,2.09,1.5,1,33,0
2020/11/17,25.8,2,0.39,0.13,3.9,13.9,17.8,37.7,37,18,66,2.6,2.13,1.1,1,112,0
2020/11/18,24.6,2.17,0.57,0.23,9.3,22.2,31.5,20.8,45,28,75,3.7,2.39,1,1,81,0
2020/11/19,26.5,2.17,0.49,0.21,6.2,22.4,28.6,24.3,36,21,66,6.8,2.39,0.8,1,65,0
2020/11/20,26.1,2.13,0.46,0.16,5.3,14.4,19.6,31,32,15,70,3,2.29,1.3,1,48,0
2020/11/21,26.6,2.02,0.41,0.08,1.5,10.4,11.8,31.3,12,5,70,1.8,2.1,1.6,0,38,0
2020/11/22,24.2,2.05,0.34,0.08,2.7,10.9,13.6,24.2,26,10,81,1,2.13,1.6,0,36,0
2020/11/23,23.4,1.98,0.28,0.06,1.9,6.7,8.6,33.6,18,5,71,2.25,2.04,3.1,1,34,0
2020/11/24,24.1,1.98,0.29,0.07,2,9.5,11.6,33.8,20,6,66,3.5,2.05,2.5,1,37,0
2020/11/25,25.4,1.99,0.36,0.11,2.8,13.2,16,29.1,17,5,62,2.3,2.1,1.4,1,41,0
2020/11/26,25.5,2.04,0.36,0.14,5.1,15.4,20.6,24.6,22,8,60,1.6,2.18,1.5,1,37,0
2020/11/27,22.1,2.01,0.39,0.09,1.5,9.6,11,33.8,29,9,73,2.4,2.11,3.2,1,40,8
2020/11/28,20.4,1.97,0.33,0.06,1.5,6.5,8,34.6,18,7,76,2,2.04,3.7,0,33,5.2
2020/11/29,20.1,1.95,0.22,0.05,1.7,5.4,7,38.3,11,5,74,0.8,2,3.2,0,37,3.066666666
2020/11/30,20.1,1.94,0.23,0.05,1.9,4.7,6.5,38.3,15,4,71,2.4,1.99,4.1,1,37,5.4
2020/12/1,19.9,1.94,0.23,0.08,2.1,7.1,9.3,34,18,8,79,2.3,2.02,3.8,1,32,9
2020/12/2,20.2,1.93,0.19,0.06,1.6,6.5,8.1,39.1,23,8,71,1.4,1.99,4,1,39,0
2020/12/3,17.6,1.96,0.27,0.07,2.3,6.7,9,38.3,16,8,76,1.9,2.03,3.6,1,40,0
2020/12/4,17.6,1.96,0.33,0.08,2,9.1,11.2,33.8,11,6,80,2.7,2.05,3.9,1,32,1.2
2020/12/5,19.2,1.95,0.23,0.07,1.4,6.9,8.3,35.5,11,5,74,1.5,2.02,3.6,0,34,0
2020/12/6,21,1.95,0.26,0.05,1.2,6.5,7.6,37.1,9,3,75,2,2,3.5,0,36,0
2020/12/7,20.8,1.95,0.23,0.05,1.7,6.9,8.6,37.8,7,4,83,3.6,2,3.8,1,36,0
2020/12/8,19,1.98,0.33,0.07,1,7.6,8.6,39.7,8,2,83,2.1,2.05,3.5,1,40,3
2020/12/9,20,2,0.37,0.14,2,14.2,16.2,29.6,9,3,85,2.2,2.14,2.2,1,36,13.2
2020/12/10,21.2,1.97,0.28,0.11,2.4,10.9,13.3,31.8,14,7,86,0.6,2.07,2.3,1,32,1.2
2020/12/11,20.7,1.97,0.29,0.11,2,13,14.9,33,17,8,85,2.3,2.08,2.2,1,32,1.8
2020/12/12,20.2,2.03,0.5,0.13,2,13,15,31.1,39,20,76,3.2,2.17,2.3,0,62,0
2020/12/13,19.9,2.15,0.58,0.14,1.7,13.9,15.7,38.5,49,32,77,11.2,2.29,1.4,0,92,0
2020/12/14,18.1,2.05,0.39,0.1,2.2,11.1,13.3,31.8,18,9,81,1.225,2.15,3.2,1,37,0
2020/12/15,16.4,1.97,0.28,0.09,2.5,9.8,12.4,27.6,8,4,82,1.825,2.06,3.4,1,31,0
2020/12/16,16.8,1.97,0.29,0.09,1.9,11,12.8,28.2,8,4,80,1.825,2.06,3.1,1,31,0.2
2020/12/17,18.1,1.98,0.36,0.1,2.1,11.3,13.4,27.9,9,4,73,3.1,2.07,2.5,1,31,0
2020/12/18,18.4,2.04,0.34,0.13,6.1,13.5,19.6,19.3,13,6,87,1.6,2.17,1.7,1,28,1.4
2020/12/19,16.6,1.99,0.35,0.07,2.6,8.8,11.4,32.3,12,7,84,1.5,2.06,3.6,0,32,1
2020/12/20,17.2,1.96,0.26,0.06,1.2,6.7,7.9,35,10,4,76,1.1,2.01,3.8,0,33,0
2020/12/21,17.1,1.95,0.25,0.07,1.5,7.3,8.8,35.1,7,4,76,1.5,2.01,3,1,36,0.6
2020/12/22,20.2,1.97,0.26,0.1,2.5,11,13.4,32.5,11,5,74,2.1,2.07,2.5,1,36,0
2020/12/23,19.3,2.04,0.35,0.11,1,14.2,15.2,22.2,16,8,90,1.7,2.16,0.7,1,28,14.6
2020/12/24,18.1,2.01,0.4,0.12,1.7,13.7,15.4,35.4,34,20,84,2,2.13,2.2,1,61,4.4
2020/12/25,18.6,1.98,0.35,0.09,1.4,10.3,11.7,39,32,15,70,1.9,2.07,2.6,1,50,0
2020/12/26,20.2,2.08,0.39,0.12,3.8,13.4,17.2,27.8,31,13,75,2.4,2.2,0.7,0,44,0
2020/12/27,20.1,2.03,0.42,0.14,3.4,17,20.4,15.2,37,19,80,2.4,2.17,1.1,0,58,0.6
2020/12/28,21.5,1.98,0.38,0.11,2,13,15,31.8,22,12,66,2.4,2.08,2.2,1,39,0.6
2020/12/29,20.8,2.13,0.5,0.19,5.5,21.4,26.8,19.9,51,25,82,1.8,2.32,0.9,1,73,0
2020/12/30,12.8,1.98,0.38,0.07,2.1,9.4,11.5,27.3,33,15,71,3.4,2.06,3.8,1,47,0
2020/12/31,10.2,1.97,0.28,0.07,2.5,8.9,11.4,29.7,34,15,57,1.125,2.04,3.4,1,49,0
2021/1/1,13.9,2,0.3,0.09,2.5,11.1,13.6,28.3,30,14,61,1.3,2.09,2.3,1,45,0
2021/1/2,15.6,1.97,0.32,0.06,1.4,8.4,9.9,35.2,19,9,66,3,2.03,2.4,0,35,0
2021/1/3,17.8,2.04,0.33,0.08,1.3,10.6,11.9,32.4,20,9,72,1.6,2.12,1.6,0,44,0
2021/1/4,17.6,1.96,0.26,0.08,1.3,8.6,9.9,35.6,13,7,89,1.6,2.04,2.2,1,36,0.6
2021/1/5,16.8,1.95,0.26,0.06,1.2,8.8,10,39.6,11,6,85,1.8,2.01,2.8,1,37,0
2021/1/6,15.7,1.98,0.34,0.09,1,9.7,10.6,35.5,15,8,81,1.2,2.07,2.8,1,36,1.2
2021/1/7,12.5,1.99,0.37,0.08,2,8.8,10.8,32.8,11,7,84,1.5,2.07,3.7,1,37,3
2021/1/8,8.3,1.97,0.29,0.09,2,12.3,14.3,23.9,24,13,75,2.75,2.05,3.1,1,42,0.2
2021/1/9,9.6,1.99,0.32,0.08,2.9,10.3,13.2,29.8,31,14,58,1.125,2.07,3,0,44,0
2021/1/10,13.6,1.96,0.26,0.05,1.6,6.7,8.3,34.6,23,9,57,1.8,2.02,2.8,0,35,0
2021/1/11,11.7,2,0.33,0.1,2,13.1,15,27.9,24,16,84,2.5,2.11,2.2,1,51,7.2
2021/1/12,10.8,2.02,0.49,0.14,3.4,19,22.3,31.7,52,31,67,2.8,2.16,1.9,1,90,1.6
2021/1/13,13.6,2.02,0.43,0.16,3.6,21.8,25.4,26.3,45,18,60,2.25,2.18,1,1,57,0
2021/1/14,15.4,2.2,0.83,0.3,17.6,27.7,45.3,24.1,37,19,57,2.8,2.5,0.9,1,59,0
2021/1/15,15.9,2.21,0.62,0.23,9.6,26.9,36.5,25.5,41,25,68,2,2.44,0.8,1,74,0
2021/1/16,18.3,1.99,0.38,0.1,2,12.8,14.8,38.8,55,26,65,1.9,2.09,2.9,0,76,0
2021/1/17,14.6,1.96,0.27,0.05,1.3,5.9,7.2,40.8,40,19,67,2.2,2.01,3.5,0,59,0
2021/1/18,14.9,1.98,0.28,0.08,2.5,11.6,14.1,39.1,43,19,61,2.3,2.06,2.5,1,59,0
2021/1/19,18,1.96,0.3,0.1,2.5,14.6,17.1,32.6,19,8,57,2.2,2.07,1.3,1,39,0
2021/1/20,19.2,2.14,0.55,0.22,6.1,26.9,33,21.1,37,18,71,5,2.36,0.9,1,58,0
2021/1/21,20.5,2.26,0.61,0.3,12.7,26,38.7,14.7,46,29,76,3.1,2.56,0.8,1,83,0
2021/1/22,22.2,2.14,0.44,0.27,13.7,21.1,34.8,14.4,32,19,78,2.925,2.41,1,1,59,0.4
2021/1/23,19.4,1.98,0.3,0.11,3.1,13.6,16.7,20.6,31,19,85,3.6,2.09,1.6,0,60,0
2021/1/24,18.5,2.03,0.52,0.1,1.8,9.8,11.6,42.4,36,22,70,3.5,2.13,2.5,0,67,0
2021/1/25,18,2.06,0.45,0.15,1.4,15.4,16.9,38.2,47,28,75,2.9,2.2,1.5,1,81,0
2021/1/26,18.3,2.06,0.39,0.16,3.2,19.8,23,27.1,42,24,80,1.2,2.22,1.6,1,73,0
2021/1/27,18.3,2.02,0.42,0.13,1.3,14.5,15.8,28.1,29,13,78,4.1,2.15,2.1,1,42,0
2021/1/28,16,2.05,0.51,0.12,1.5,13.3,14.7,37.4,33,16,75,2.025,2.16,2,1,52,0
2021/1/29,16,1.99,0.4,0.08,1.9,9.3,11.2,41.2,80,27,51,1.8,2.06,3.5,1,79,0
2021/1/30,18.4,2.04,0.43,0.13,3.1,17.5,20.6,33,38,17,59,1.8,2.17,1.2,0,55,0
2021/1/31,17.5,2.23,0.58,0.18,4.2,22,26.2,31,42,28,68,2,2.41,1,0,81,0
2021/2/1,17.4,2.32,0.84,0.3,12,30.8,42.8,24.9,45,31,68,2.9,2.62,1,1,88,0
2021/2/2,17.9,2.17,0.59,0.19,6.1,22,28.1,31.9,61,38,68,1.7,2.37,2.4,1,106,0
2021/2/3,20,2,0.4,0.13,2.3,14.8,17.1,42.1,50,20,55,2.4,2.13,1.5,1,62,0
2021/2/4,20.4,2.08,0.44,0.14,4,21.3,25.3,22.5,39,18,60,2.4,2.22,1,1,56,0
2021/2/5,18.9,2.17,0.65,0.19,6.2,25.4,31.6,30.3,66,37,71,2.6,2.37,1,1,106,0
2021/2/6,18.9,2.24,0.69,0.24,4.8,26.7,31.4,31.4,84,59,74,2.3,2.47,0.8,0,153,0
2021/2/7,18.9,2.15,0.65,0.18,5,21.3,26.3,28.9,52,36,81,1.7,2.33,0.9,0,103,0
2021/2/8,19.2,2.16,0.5,0.18,5.2,16.6,21.8,34.3,45,25,72,1.4,2.35,2.4,1,74,0.8
2021/2/9,19.1,1.93,0.28,0.07,1.9,8.1,9.9,42,24,11,64,1.6,2,3,1,46,0
2021/2/10,19.4,2.1,0.43,0.12,3,16,18.9,31.6,24,14,76,2.6,2.22,0.9,1,46,10
2021/2/11,17.7,1.98,0.28,0.05,1.2,9.8,11,34.6,15,10,91,1.1,2.03,1.1,1,38,32.8
2021/2/12,18.8,1.93,0.18,0.02,1.2,5,6.1,40.6,25,10,86,1.3,1.95,1.4,1,42,2.4
2021/2/13,19.9,1.93,0.22,0.07,1.4,6.4,7.8,41.4,25,10,81,2.2,2,2.1,0,43,0
2021/2/14,18.8,1.98,0.33,0.07,2.3,11.3,13.6,31.7,39,20,83,1.9,2.05,0.9,0,62,0
2021/2/15,19.5,2.07,0.36,0.08,4.4,12.2,16.6,30.4,27,17,66,2.1,2.15,1.8,1,55,0
2021/2/16,19.8,2.03,0.42,0.07,1.7,9.7,11.4,42.7,42,26,70,2.6,2.1,1.2,1,76,0
2021/2/17,16.8,1.97,0.35,0.1,1.2,7.2,8.4,44.3,56,28,64,0.7,2.07,3,1,81,0
2021/2/18,15.6,1.96,0.26,0.06,1.6,6.2,7.8,50.4,47,22,46,2.3,2.02,3.5,1,66,0
2021/2/19,16.6,1.97,0.33,0.11,1.6,12.1,13.8,41.5,31,15,49,2,2.08,1.5,1,48,0
2021/2/20,16.4,2.07,0.48,0.15,2.9,19,21.8,35,37,24,70,2.4,2.22,1,0,80,0
2021/2/21,17.8,2.13,0.57,0.16,2.4,20.5,22.9,45.3,50,36,58,2.7,2.29,1,0,143,0
2021/2/22,19.9,2.05,0.47,0.15,5,19.7,24.7,27.8,33,21,57,1.9,2.2,1,1,65,0
2021/2/23,20.2,2.03,0.43,0.15,4.3,15.7,20,33.4,45,22,72,2.1,2.18,2,1,68,0
2021/2/24,20.3,1.97,0.35,0.09,2,14.4,16.4,34.1,55,22,79,1.6,2.06,1.1,1,67,0
2021/2/25,19,2.06,0.44,0.16,5.4,19.7,25.2,23.8,64,41,85,2.4,2.23,1.1,1,115,0
2021/2/26,19.2,2.1,0.41,0.19,3.1,18.3,21.4,26.4,45,30,83,2.7,2.29,1.3,1,86,0
2021/2/27,16.2,1.96,0.28,0.07,1.8,10,11.8,35.3,20,10,87,2,2.03,2.1,0,33,0.4
2021/2/28,17.5,2.02,0.36,0.13,2.9,14.1,16.9,28.5,30,15,80,2.2,2.15,1.5,0,50,0
2021/3/1,21.1,2.15,0.49,0.18,4.9,19.8,24.7,22.4,36,23,74,2.6,2.33,0.9,1,68,0
2021/3/2,16.5,2,0.35,0.1,1.7,10.4,12.1,30.8,20,12,80,1.8,2.09,3.1,1,37,7.4
2021/3/3,17.8,1.99,0.38,0.14,1.9,15.7,17.5,28.4,34,14,74,2.2,2.13,1.3,1,46,0
2021/3/4,17.4,2.06,0.49,0.19,9.2,21.1,30.2,18.6,47,28,87,2.6,2.26,0.7,1,82,0.2
2021/3/5,20.5,2.11,0.6,0.23,6,24.8,30.8,21.4,40,26,79,2.4,2.34,1,1,76,1
2021/3/6,17.4,2.04,0.38,0.14,2.4,17.7,20.1,23.5,32,19,91,1.4,2.18,1.1,0,59,31.4
2021/3/7,16.3,1.96,0.27,0.07,1.4,8.4,9.8,38.1,26,12,92,1.4,2.03,2.6,0,40,0.6
2021/3/8,17.6,1.96,0.25,0.08,1,10.2,11.2,41,43,18,83,2,2.04,2.5,1,56,0.2
2021/3/9,18.8,1.96,0.29,0.08,1.6,11.2,12.8,45.2,48,21,80,1.7,2.05,2.1,1,64,0
2021/3/10,20.8,1.98,0.39,0.1,1.9,11.5,13.3,43.1,24,13,70,1.5,2.08,2.4,1,45,0
2021/3/11,19.7,1.96,0.55,0.17,3.6,19.1,22.7,33.5,55,30,78,2.5,2.13,0.8,1,87,0
2021/3/12,20.8,2.08,0.58,0.19,4.9,18.3,23.1,35.5,68,43,75,2.4,2.27,1.6,1,121,0
2021/3/13,19.9,1.99,0.33,0.08,1.1,10,11.1,50.9,31,15,63,1.5,2.07,2.3,0,61,0
2021/3/14,21.4,2,0.32,0.08,1.1,10.5,11.6,50.2,35,20,63,1.8,2.07,1.7,0,84,0
2021/3/15,20.7,2.16,0.66,0.18,5.9,20.7,26.6,35,53,35,72,3,2.33,1,1,99,0
2021/3/16,23.6,2.11,0.48,0.16,3.3,19.7,23,28,35,23,60,1.5,2.27,0.8,1,70,0
2021/3/17,20.6,2.07,0.42,0.19,1.9,19,20.9,24.4,67,38,82,2.3,2.26,1.4,1,107,0.933333333
2021/3/18,20.1,2.01,0.39,0.16,2.2,17.5,19.8,27.1,57,31,85,1.9,2.16,0.8,1,90,0.2
2021/3/19,21.2,2.09,0.66,0.2,7.5,20.9,28.5,23.5,35,22,81,2.8,2.29,0.7,1,66,0
2021/3/20,21.1,2.05,0.41,0.13,5.3,16.3,21.7,23.1,30,22,82,1.9,2.19,1.1,0,66,0
2021/3/21,16.4,1.99,0.47,0.08,1.4,9.2,10.6,43.4,51,29,77,2,2.07,3.5,0,83,0
2021/3/22,13.4,1.98,0.39,0.09,1.2,12.5,13.7,39.9,50,26,79,1.2,2.07,3.2,1,76,6.4
2021/3/23,16.9,2.07,0.53,0.21,5.9,24.4,30.3,27.1,31,14,74,2.5,2.28,1.2,1,45,1
2021/3/24,16.2,2.03,0.45,0.11,1.3,15.8,17.1,33.4,18,10,87,1.7,2.13,0.8,1,43,39.73333333
2021/3/25,18,1.99,0.29,0.11,2.2,15.1,17.3,39.4,33,17,70,1.7,2.1,2.3,1,54,8
2021/3/26,20.2,2.1,0.43,0.15,5.8,17.9,23.6,30.3,40,20,79,2.3,2.25,0.9,1,61,0
2021/3/27,22.6,2.04,0.4,0.1,1.9,16.3,18.2,36.8,45,23,74,1.8,2.14,1,0,68,0
2021/3/28,24.6,2.05,0.41,0.11,2.5,14.3,16.8,26.6,39,23,73,2.5,2.16,1.1,0,69,0
2021/3/29,23.2,2.05,0.46,0.11,1.8,13.3,15.1,37.8,51,35,82,1.6,2.17,0.9,1,100,0
2021/3/30,25.8,2,0.36,0.12,2.9,14,16.9,20.8,35,20,76,2.2,2.12,1.8,1,62,0
2021/3/31,24.5,2.02,0.5,0.16,3.9,17,20.9,24.9,39,27,80,1.9,2.18,0.9,1,78,0
2021/4/1,25.9,2,0.41,0.13,4.4,15.7,20.1,14.2,35,20,78,2.5,2.13,1.2,1,61,0
2021/4/2,25.7,2.01,0.36,0.11,5.1,13.3,18.3,17.7,33,21,76,2.2,2.11,1,1,65,0
2021/4/3,24.8,1.94,0.31,0.06,1.8,9.2,11.1,38,26,16,78,1.5,2,1.1,0,53,0
2021/4/4,21.1,2,0.45,0.08,1.6,9.1,10.6,41.4,39,21,73,1.9,2.08,2.8,0,65,0
2021/4/5,19,1.97,0.27,0.06,1.7,9.6,11.3,55.3,42,14,54,2.2,2.03,2.6,1,71,0
2021/4/6,20.4,1.98,0.29,0.1,2,13.2,15.2,47.9,31,12,60,2.3,2.08,2.4,1,50,0
2021/4/7,21.7,1.97,0.28,0.1,1.1,12.4,13.6,48.2,29,10,59,2.1,2.07,1.9,1,67,0
2021/4/8,19.8,2.04,0.31,0.13,2.4,15.5,17.9,41.8,23,11,79,2.1,2.17,1.7,1,64,0.6
2021/4/9,17.4,1.96,0.31,0.08,0.7,10.4,11.1,61.4,24,13,77,1.1,2.04,2.7,1,87,0
2021/4/10,19.1,1.96,0.29,0.07,1.3,9.9,11.2,53.3,25,12,79,1.5,2.03,2.4,0,50,0
2021/4/11,22.6,1.98,0.33,0.07,1,8.8,9.8,47.2,32,16,78,1.7,2.05,1,0,71,0
2021/4/12,23.9,2.03,0.38,0.1,2,13.3,15.3,42.6,32,20,73,1.3,2.13,1.2,1,61,0
2021/4/13,24,2.08,0.48,0.14,4.8,15.2,20,30.4,29,19,74,2.5,2.22,1.3,1,58,0
2021/4/14,20.1,1.97,0.3,0.09,1,10.5,11.4,47,25,12,79,1.6,2.06,2.4,1,47,0
2021/4/15,20.2,2.05,0.32,0.13,2,15.6,17.6,35.9,18,10,81,1.3,2.18,1.4,1,47,0
2021/4/16,21.9,1.97,0.31,0.11,1.8,12.1,13.9,45.6,25,14,77,1.7,2.09,1.5,1,61,0
2021/4/17,23.6,1.98,0.3,0.08,1.4,9.6,11,59.6,40,17,60,2.3,2.06,2.6,0,104,0.4
2021/4/18,22.2,1.97,0.35,0.05,1,6.9,7.9,69.5,108,31,52,1.6,2.03,3.3,0,115,0.2
2021/4/19,23.1,1.97,0.27,0.07,1.8,10.2,11.9,54.7,34,10,53,1.9,2.04,1.8,1,64,0
2021/4/20,25.5,1.95,0.27,0.08,1.3,9.5,10.8,54.5,38,15,51,1.3,2.03,1.3,1,132,0
2021/4/21,26.8,1.95,0.3,0.09,2,10.7,12.7,46.9,31,11,54,1.7,2.05,1.4,1,115,0
2021/4/22,26.3,2.01,0.36,0.11,2.5,12.7,15.2,39.9,35,16,72,1.7,2.12,1.1,1,71,0
2021/4/23,24.5,1.92,0.24,0.08,1.6,9.9,11.5,36.9,24,10,78,1.8,2.01,1.8,1,42,2.4
2021/4/24,24.7,1.94,0.23,0.08,1.4,9.2,10.6,40.3,27,10,73,1.3,2.02,2,0,48,0
2021/4/25,24,1.95,0.29,0.06,1.8,9.7,11.4,37.7,22,10,66,2,2.02,1.3,0,38,0
2021/4/26,26.6,1.96,0.29,0.1,1.3,10.9,12.1,44.4,26,10,52,2.2,2.05,1.2,1,67,0
2021/4/27,24.1,1.98,0.27,0.09,1.5,11.1,12.6,39.3,40,19,75,2.2,2.07,1.2,1,60,0
2021/4/28,22.2,2,0.35,0.12,1.5,15.5,17,29.1,15,9,87,2.1,2.12,0.6,1,31,31
2021/4/29,21.2,2.02,0.43,0.14,3,17.1,20.1,34.2,12,7,83,1.9,2.16,1.2,1,46,28.4
2021/4/30,23.5,2.16,0.53,0.16,5.3,14.4,19.8,49.7,30,15,71,2.2,2.32,1.1,1,161,0.2
2021/5/1,25,2.15,0.61,0.16,3.7,17.4,21.1,41.3,32,18,67,2.3,2.31,1.2,0,101,0
2021/5/2,25.8,2.08,0.42,0.11,1.2,12.4,13.6,41.9,37,19,71,2.2,2.19,0.9,0,108,0
2021/5/3,25.4,2.05,0.37,0.1,2.1,12.6,14.7,41.1,43,22,74,1.8,2.15,0.9,1,71,0.2
2021/5/4,27,2.06,0.43,0.13,1.8,15.1,16.9,45.1,45,24,71,2.8,2.19,1,1,122,0
2021/5/5,23.9,2.02,0.32,0.11,3.5,13.7,17.1,31.1,39,16,76,2.4,2.14,1.9,1,53,5.4
2021/5/6,25,2.02,0.33,0.14,1.7,14.5,16.2,42.7,42,19,72,2.3,2.16,1,1,77,0
2021/5/7,27.4,2.03,0.4,0.12,5.2,14.8,19.9,20,29,16,70,2.4,2.15,1.6,1,51,0
2021/5/8,26.6,1.95,0.3,0.07,2.6,11,13.6,22.4,25,14,79,1.6,2.02,1.4,0,44,1.4
2021/5/9,27.1,1.93,0.24,0.05,2.3,8.6,10.9,19.7,19,8,73,1.2,1.99,1.2,0,34,0
2021/5/10,28,1.96,0.26,0.08,2.8,11.4,14.1,20.2,21,10,71,2.4,2.04,1.5,1,33,0
2021/5/11,28.5,1.92,0.3,0.11,2.5,13.4,15.9,18.6,24,10,71,3.2,2.03,1.9,1,33,0
2021/5/12,30.1,1.91,0.25,0.08,1.6,10.9,12.5,23.9,22,9,62,2.9,1.99,2.4,1,32,0
2021/5/13,30,1.93,0.29,0.09,3.9,12.1,16,12.7,20,9,65,2.6,2.03,1.5,1,30,0
2021/5/14,29.5,1.97,0.26,0.09,4,11.4,15.4,15.3,26,10,69,2.6,2.06,1.6,1,32,0
2021/5/15,29.6,1.98,0.24,0.05,3.4,10.8,14.2,15.9,26,8,71,2.5,2.03,1.6,0,27,0
2021/5/16,30.4,1.98,0.24,0.04,2.4,8.9,11.3,19.3,25,9,67,2.7,2.02,2.1,0,30,0
2021/5/17,30.6,1.94,0.21,0.09,1.8,8.5,10.3,23.9,19,8,60,2.4,2.03,2,1,32,0
2021/5/18,29.3,1.89,0.19,0.03,1.8,5.5,7.3,26.5,19,9,74,1.6,1.91,1.6,1,33,0
2021/5/19,29.6,1.93,0.21,0.03,2.7,7.6,10.3,20.5,24,7,73,1.7,1.96,1.3,1,31,0
2021/5/20,30.6,1.97,0.23,0.04,2.7,10.3,13,18.9,25,10,63,2.6,2,2.1,1,32,0
2021/5/21,30.6,1.92,0.24,0.07,2.8,9.7,12.4,20.9,21,10,65,2.5,1.99,2.3,1,32,0
2021/5/22,29.8,1.80325,0.2,0.0595,2.1,6.1,8.2,29.4,29,12,72,2.3,1.86275,2,0,38,0
2021/5/23,30.1,1.93,0.22,0.04,1.6,6.8,8.4,31.9,24,10,69,2.8,1.97,1.3,0,38,0
2021/5/24,30.4,2.01,0.26,0.12,1.9,8.8,10.8,27.5,29,11,67,2.2,2.13,1.9,1,39,0
2021/5/25,29,1.95,0.29,0.18,1.4,10.2,11.6,45.6,22,10,67,1.9,2.13,1.3,1,87,0
2021/5/26,29.8,1.94,0.26,0.07,1.8,9.5,11.3,32.3,21,9,67,2.2,2.01,2.1,1,58,0
2021/5/27,31.3,1.88,0.16,0.04,2.4,6.8,9.1,26.7,19,6,61,2.6,1.92,3.2,1,31,0
2021/5/28,30.9,1.84,0.14,0.04,1.8,7,8.8,27.7,22,6,66,2,1.88,3,1,31,0.4
2021/5/29,28.1,1.87,0.2,0.05,1.6,7.6,9.2,31.1,17,6,82,1.7,1.92,1.7,0,38,7
2021/5/30,27.2,1.9,0.19,0.05,1.5,5.9,7.4,36.8,7,2,81,1.1,1.95,1,0,40,43.2
2021/5/31,25.2,2.02,0.31,0.13,2,13.2,15.3,33.2,6,3,89,1.4,2.15,1,1,37,82.4
2021/6/1,27.4,2.07,0.35,0.14,3.3,13.9,17.2,25.7,17,7,80,1.8,2.21,0.7,1,58,8.6
2021/6/2,29.4,1.92,0.23,0.07,2.6,8.6,11.2,31.3,20,7,73,2.3,1.99,1.6,1,67,0
2021/6/3,30.5,1.87,0.17,0.07,2.1,8.2,10.3,23.4,17,6,68,1.6,1.94,2,1,37,0
2021/6/4,29.7,1.87,0.19,0.06,2.1,8.1,10.2,23,18,6,73,1.8,1.93,1.8,1,33,0.2
2021/6/5,26.6,1.96,0.23,0.09,0.9,9.2,10.1,35.2,10,4,84,1.6,2.05,1,0,44,34.8
2021/6/6,24.4,2.04,0.27,0.11,0.9,10,10.9,36.1,8,4,89,1.2,2.15,0.9,0,36,70
2021/6/7,27.4,1.96,0.29,0.08,1.9,9.2,11.1,38.6,13,4,76,1.5,2.04,1,1,71,0
2021/6/8,29.5,1.94,0.26,0.09,1.5,10.8,12.3,32.8,21,6,68,1.8,2.03,0.8,1,61,0
2021/6/9,29.4,1.9,0.21,0.07,2.4,10,12.4,20.7,22,7,68,1.6,1.98,0.8,1,39,0
2021/6/10,30.2,1.88,0.18,0.06,2,8.7,10.6,18.2,17,6,64,1.7,1.95,1,1,25,0
2021/6/11,31,1.9,0.2,0.08,1.7,9.3,11,31.4,20,8,60,2.2,1.99,0.7,1,54,0
2021/6/12,30,1.88,0.18,0.04,1.2,7.3,8.5,34.2,20,9,69,1.7,1.93,1.2,0,44,0.4
2021/6/13,30.4,1.87,0.18,0.05,1.3,7.9,9.2,21.8,16,5,67,1.6,1.92,1.7,0,31,0
2021/6/14,30.8,1.83,0.14,0.04,1.6,6,7.5,22.3,18,6,64,1.4,1.87,3,1,28,0
2021/6/15,31.1,1.81,0.16,0.04,1.8,5.7,7.4,20.6,16,5,66,2,1.85,3.5,1,23,0
2021/6/16,32,1.83,0.18,0.05,1.8,5.8,7.6,25,19,6,58,1.7,1.88,2.8,1,32,0
2021/6/17,31.7,1.82,0.18,0.04,2.2,5.6,7.8,27.1,26,8,62,1.8,1.86,4,1,33,0
2021/6/18,31.9,1.81,0.13,0.05,1.4,5.1,6.5,27.6,22,7,60,1.8,1.86,3.4,1,33,0
2021/6/19,32.3,1.82,0.15,0.03,1.6,4.4,6,30.5,19,7.25,57,1.4,1.85,2.8,0,35,0
2021/6/20,32.1,1.83,0.14,0.03,1.1,3,4.2,31.4,19,7.25,59,1.6,1.85,2.7,0,34,0
2021/6/21,30,1.86,0.19,0.05,1.1,5.4,6.5,27.6,17,5.75,68,1.4,1.91,2.5,1,27,0.4
2021/6/22,28,1.93,0.22,0.08,1.6,10.6,12.2,26.4,14,6.5,79,1.8,2.02,1.5,1,38,27.6
2021/6/23,26.6,1.94,0.22,0.07,1.4,9.2,10.6,33,12,5,82,1.7,2.01,1.1,1,39,23
2021/6/24,26.5,1.94,0.28,0.09,1.5,10.9,12.4,31.5,12,6,80,1.5,2.03,0.8,1,44,5.2
2021/6/25,27,1.95,0.26,0.11,2.4,11.5,13.9,27.9,16,7,81,1.7,2.06,0.8,1,44,29.8
2021/6/26,29.5,1.9,0.22,0.07,1.6,7.3,8.8,28.2,14,8,69,1.4,1.97,1.8,0,39,0.2
2021/6/27,31.4,1.82,0.14,0.03,1.1,3.2,4.3,29.2,14,6,59,1.7,1.85,2.6,0,32,0
2021/6/28,30.1,1.83,0.16,0.03,0.9,4.3,5.3,23.9,12,6,65,1.5,1.87,2.6,1,25,4
2021/6/29,30.5,1.83,0.16,0.04,1.9,3.8,5.6,25.1,13,6,64,1.4,1.86,2.2,1,28,0.4
2021/6/30,30.7,1.83,0.16,0.01,1.3,4.3,5.6,23.6,23,9,65,1.5,1.84,4.1,1,29,0
2021/7/1,30.8,1.79,0.16,0.06,2,5.8,7.8,21.4,21,8,62,2,1.86,3.5,1,29,0
2021/7/2,30.7,1.83,0.18,0.06,2,7.1,9.1,20.1,22,9,67,2,1.89,2.5,1,30,0
2021/7/3,30.8,1.87,0.21,0.06,2,8.8,10.8,19.1,23,12,66,2.3,1.93,1.8,0,38,0
2021/7/4,30.7,1.88,0.24,0.06,2,7.9,10,19.7,21,11,66,2,1.95,1.3,0,36,0
2021/7/5,31.1,1.84,0.12,0.05,1.7,6.4,8.1,24.4,17,7,62,2.4,1.9,1,1,33,0
2021/7/6,30.1,1.83,0.19,0.06,1.3,7.2,8.6,28.3,24,11,72,1.9,1.89,1.9,1,37,0
2021/7/7,31.1,1.85,0.15,0.05,1.6,7.7,9.3,23.1,17,10,65,1.9,1.91,1.5,1,31,0
2021/7/8,30.9,1.87,0.18,0.05,1.5,9.1,10.8,15.4,13.5,8,65,1,1.92,1.5,1,29,0
2021/7/9,30.9,1.86,0.16,0.03,2.2,9.5,11.8,18.9,14.445,8,64,1.2,1.89,1.7,1,26,0
2021/7/10,31.1,1.86,0.19,0.05,1.7,8.6,10.3,12.8,14.25,5,65,1.2,1.91,1.5,0,25,0
2021/7/11,30.8,1.81,0.13,0.04,1.1,5.6,6.9,21.7,15.25,5,65,1.4,1.86,1.2,0,29,0
2021/7/12,30.3,1.8,0.13,0.04,1.1,6.3,7.5,22,19,6,72,0.9,1.84,1.3,1,31,0.8
2021/7/13,30.3,1.86,0.19,0.06,2.2,8.2,10.5,17.2,16,7,69,0.8,1.92,1.2,1,25,0.4
2021/7/14,30.6,1.84,0.16,0.05,1.7,8.1,10,18.8,16,6,64,1.3,1.9,1,1,31,0
2021/7/15,30.8,1.84,0.16,0.04,1,8.6,9.7,27.3,18,9,67,0.8,1.89,1.1,1,42,0
2021/7/16,30.6,1.87,0.22,0.06,0.9,10.6,11.6,34.7,20,12,67,1.8,1.93,1.1,1,61,0
2021/7/17,30.6,1.89,0.24,0.05,1,8.8,9.9,36.6,27,13,69,1.3,1.94,0.9,0,58,0
2021/7/18,30.9,1.87,0.17,0.04,0.5,6,6.6,40.3,22,11,63,0.9,1.91,0.9,0,61,0
2021/7/19,31.7,1.84475,0.17,0.05875,0.8,9.2,10,37.4,25,11,62,1,1.901,1.1,1,64,0
2021/7/20,31.9,1.81,0.16,0.07,1.4,8.6,10.1,19.8,19,6,58,1.3,1.88,2.1,1,28,0
2021/7/21,30.1,1.82,0.11,0.03,1.1,6.3,7.5,17.9,24,8,67,1,1.85,2.6,1,29,30
2021/7/22,28.3,1.8,0.11,0.03,0.9,5.9,6.8,16.6,17,5,89,1,1.84,2.2,1,18,44.5
2021/7/23,29,1.82,0.13,0.03,0.8,3.6,4.4,21.4,24,8,83,0.5,1.85,2,1,28,15.5
2021/7/24,28.6,1.86,0.18,0.07,1.1,5.5,6.7,23.1,14,5,80,0.9,1.94,1.4,0,25,20
2021/7/25,31.3,1.93,0.18,0.06,0.9,4.6,5.6,46.8,21,14,67,0.7,1.99,2.6,0,77,0
2021/7/26,31.6,1.9,0.18,0.07,0.8,5.7,6.6,36,25,12,68,1,1.98,2.7,1,39,0
2021/7/27,31.7,2,0.22,0.03,1.2,8.6,9.9,31,23,10,66,2,2.02,1.8,1,44,0
2021/7/28,32.3,2.06,0.28,0.05,1.2,9.7,11,37.7,27,16,63,1.3,2.11,1.4,1,71,0
2021/7/29,31.2,2.02,0.25,0.03,1,9.3,10.3,34.7,20,11,71,1,2.06,1.8,1,41,1
2021/7/30,31.2,2.02,0.25,0.06,1.2,10.1,11.4,23.7,18,8,67,1.3,2.08,1.4,1,36.5,0
2021/7/31,30.2,1.98,0.21,0.05,1.3,8.3,9.7,19.5,10,5,68,1.2,2.04,1.4,0,28,5
2021/8/1,29.3,2,0.24,0.06,0.9,7.9,8.9,32.9,7,4,72,0.7,2.08,0.7,0,37,0
2021/8/2,27.6,2.04,0.28,0.07,0.9,10.8,11.8,28.6,9,5,86,0.5,2.13,0.7,1,31,16
2021/8/3,28.9,2.15,0.33,0.08,1.2,12.3,13.5,30.9,20,12,82,0.9,2.24,1.3,1,48,0.5
2021/8/4,28.6,2.11,0.32,0.06,1.4,12.7,14.1,25.8,15,7,81,0.4,2.18,0.9,1,43,31.5
2021/8/5,27.9,2.12,0.38,0.11,2.4,14.6,17.2,15.5,17,10,87,0.5,2.24,0.8,1,52,0.5
2021/8/6,26.2,2.11,0.33,0.06,2.8,15.3,18.2,9.1,10,6,92,0,2.17,0.7,1,40,61.5
2021/8/7,25.6,2,0.24,0.06,0.6,7.8,8.5,32.3,5,4,98,0.5,2.06,1.3,0,32,92.73333333
2021/8/8,29.3,2.12,0.3,0.09,1.2,9.8,11.1,29.5,18,13,77,1.7,2.21,1.4,0,44,0.5
2021/8/9,30.8,2.08,0.27,0.07,1.3,9.3,10.6,24.1,14,9,64,1,2.15,1.5,1,34,0
2021/8/10,29.5,2.02,0.28,0.09,1.7,11.2,13,20,17,11,70,0.8,2.12,1,1,36,6
2021/8/11,29.5,2,0.25,0.05,2.1,9.8,12,19,17,10,70,1,2.06,1.3,1,34,0.5
2021/8/12,30,1.97,0.24,0.04,1.9,8.5,10.6,16.1,15,8,67,0.9,2,1.7,1,28,0
2021/8/13,30.1,1.93,0.21,0.05,1.6,8.7,10.4,17.4,12,7,64,1.1,1.98,1.9,1,28,0
2021/8/14,30.2,1.95,0.22,0.06,1.6,8.5,10.2,19.2,14,8,63,1.2,2,1.5,0,31,0
2021/8/15,30.4,1.92,0.18,0.04,1.1,6.8,7.9,20,10,8,62,0.9,1.97,1.4,0,28,0
2021/8/16,30.5,1.94,0.23,0.07,2,9.4,11.4,14.7,15,8,64,1.9,2.02,1.4,1,29,0
2021/8/17,30.6,1.94,0.19,0.05,2.3,8.9,11.3,13.2,12,9,62,1.4,2,1.5,1,30,0
2021/8/18,29.7,1.94,0.2,0.08,1.4,11,12.5,15,15,10,70,1.8,2.02,1.1,1,47,0
2021/8/19,29.5,2.02,0.28,0.06,1.5,12,13.5,24.3,21,14,66,1.7,2.09,0.9,1,47,0
2021/8/20,29.9,1.97,0.25,0.08,2.2,10.3,12.6,25.1,16,10,64,1,2.06,1.1,1,40,0
2021/8/21,30.3,2,0.24,0.06,1.7,10,11.8,17.5,18,12,66,1.4,2.06,1.2,0,41,0
2021/8/22,29.8,1.97,0.22,0.05,1.3,8.9,10.4,18.2,17,12,65,1.4,2.02,1.2,0,41,0
2021/8/23,30.4,1.97,0.22,0.06,1.7,10.6,12.4,14,14,9,63,1.5,2.02,1.8,1,30,0
2021/8/24,30.3,1.96,0.23,0.06,1.5,9.1,10.7,16.5,12,8,64,1,2.02,1.5,1,29,0
2021/8/25,29.9,1.98,0.22,0.05,2,10.8,12.9,16.3,18,11,65,1,2.04,1.3,1,37,0
2021/8/26,29.9,1.97,0.22,0.04,1.8,8.7,10.6,26.4,20,14,65,0.8,2,1,1,48,0
2021/8/27,30.3,1.96,0.19,0.02,1.3,7.2,8.5,27.9,19,13,68,1.1,1.99,0.9,1,44,0
2021/8/28,30.2,2.02,0.25,0.03,0.7,9.1,9.9,43.8,26,17,70,1.3,2.04,0.8,0,100,0
2021/8/29,30.4,2.02,0.25,0.04,1.1,8.9,10.1,33.3,27,19,68,1.4,2.06,0.9,0,64,0
2021/8/30,29.8,2.08,0.34,0.08,1.3,11.8,13.2,31.3,34,24,71,1.1,2.17,1,1,73,0
2021/8/31,30.1,2.09,0.37,0.12,2.1,14.6,16.8,32.5,37,25,70,1.8,2.22,0.9,1,75,5
2021/9/1,30.3,2.04,0.28,0.07,1,11.3,12.4,33.2,33,22,72,1.1,2.13,0.9,1,67,0
2021/9/2,30.6,2.04,0.27,0.06,1.4,11.8,13.3,27.2,27,18,70,0.8,2.11,1,1,58,0
2021/9/3,30.3,1.8775,0.19,0.0425,1.3,8,9.4,25,14,9,72,0.7,1.92,0.9,1,32,0
2021/9/4,29.3,1.95,0.2,0.04,1.5,9.9,11.5,21.5,13,9,74,0.4,2,0.9,0,32,0
2021/9/5,29.9,1.97,0.23,0.06,1,8.3,9.4,24.8,19,11,73,0.8,2.04,0.7,0,45,0
2021/9/6,30.9,2.04,0.25,0.04,2.2,10.7,13,25.7,16,12,67,0.8,2.09,1,1,41,0
2021/9/7,30.6,1.97,0.2,0.06,2.3,8.9,11.4,24.1,17,10,69,0.3,2.02,0.8,1,40,0
2021/9/8,30.3,1.98,0.24,0.06,1.1,9.3,10.5,29.1,21,15,75,0.2,2.04,0.8,1,49,3.5
2021/9/9,31,2,0.28,0.06,1.3,10.6,12,34.8,27,16,64,0.8,2.06,0.8,1,84,0
2021/9/10,31.1,2,0.31,0.11,1.5,11.2,12.8,33.1,31,20,67,0.9,2.13,0.8,1,63,0
2021/9/11,31.2,1.93,0.25,0.06,1.7,8.3,10.1,26.2,21,11,66,0.9,2,1.5,0,44,0
2021/9/12,28.5,1.92,0.15,0.03,0.9,5.4,6.4,17.3,13,6,75,0.6,1.95,1.4,0,22,33.5
2021/9/13,30.5,1.96,0.21,0.08,0.7,8.4,9.2,24,19,9,65,0.9,2.04,2.8,1,34,0
2021/9/14,31,1.94,0.23,0.04,1.4,9.1,10.6,16.1,17,8,68,1.4,1.98,2.1,1,28,0
2021/9/15,30.5,2.08,0.24,0.05,1.4,10.5,12,23,20,13,72,0.3,2.13,1,1,43,0
2021/9/16,30,2.06,0.3,0.04,1.5,11.3,12.9,32.9,22,15,68,0.1,2.1,0.8,1,50,0
2021/9/17,30,2.04,0.36,0.11,0.7,12.6,13.4,41.8,30,21,71,0.5,2.17,1,1,100,0
2021/9/18,30.3,2.1,0.35,0.07,1,11.4,12.5,38.8,31,21,71,1,2.17,1,0,112,0
2021/9/19,30.1,2.02,0.25,0.05,1.2,8.3,9.6,23.6,22,15,73,1.3,2.09,1.1,0,52,0
2021/9/20,30.5,2.06,0.28,0.04,1.1,9.6,10.8,28.6,25,18,68,0.9,2.11,1,1,57,0
2021/9/21,30.7,2.02,0.28,0.08,1.3,10.5,11.9,16.7,19,14,65,1.1,2.12,0.8,1,45,0
2021/9/22,30.7,2.02,0.25,0.07,2.9,11.6,14.7,14.1,17,12,62,0.6,2.09,0.8,1,41,0
2021/9/23,30.7,2.02,0.28,0.07,1.1,11.6,12.8,36,24,16,69,1.1,2.09,0.9,1,77,0
2021/9/24,31.1,1.99,0.22,0.04,1.6,9.7,11.4,21.7,19,9,58,0.8,2.02,1.5,1,32,0
2021/9/25,30.1,1.90375,0.25,0.069,0.3,8.7,9,38.5,26,12,57,0.6,1.9725,1.9,0,49,0
2021/9/26,29.4,1.99,0.24,0.07,0.4,8.1,8.7,36.6,27,15,59,1.4,2.06,1.6,0,67,0
2021/9/27,29.2,1.97,0.23,0.09,1.2,10.8,12.2,20.5,21,11,67,0.9,2.06,1.5,1,36,0
2021/9/28,29.1,1.98,0.25,0.12,1.4,12.9,14.3,23.7,23,12,60,1.2,2.1,1.6,1,41,0
2021/9/29,28.8,2,0.28,0.12,0.9,14.9,15.9,32.7,27,15,61,1.4,2.14,1,1,54,0
2021/9/30,29.2,2.02,0.32,0.14,2.3,15.1,17.5,32.1,28,17,62,1.6,2.18,1,1,80,0
2021/10/1,29.7,2.06,0.37,0.13,0.8,14.4,15.2,39.3,33,23,69,2,2.2,1,1,84,0
2021/10/2,29.4,2.02,0.28,0.1,0.6,11.5,12.1,38,27,16,66,1.2,2.12,1.3,0,67,0
2021/10/3,30.3,2.02,0.28,0.11,0.4,10.9,11.4,41.3,24,16,54,0.9,2.13,1.1,0,90,0
2021/10/4,29.7,2.04,0.33,0.11,1.1,12.2,13.4,45.6,38,22,57,1.5,2.17,1.1,1,126,0
2021/10/5,31.3,1.94,0.22,0.07,0.8,10.2,11.1,42.3,30,12,44,1.1,2.02,1.7,1,80,0
2021/10/6,31,1.97,0.28,0.1,1.1,13.3,14.5,36.3,25,14,50,0.9,2.06,1.1,1,101,0
2021/10/7,30.7,2.02,0.38,0.14,1.4,15.4,16.9,47.3,36,20,55,1.4,2.18,0.8,1,129,0
2021/10/8,30.5,2.04,0.41,0.15,0.6,13.4,14.1,47.9,37,23,61,1.7,2.2,0.8,1,115,0
2021/10/9,31.1,1.97,0.23,0.07,0.8,9.1,10,29.7,25,12,53,0.8,2.04,1.5,0,44,0
2021/10/10,30.8,1.93,0.15,0.03,0.6,6.9,7.6,24.7,28,7,52,0.1,1.97,2.7,0,28,0
2021/10/11,27.5,1.9,0.14,0.03,1.4,5.8,7.3,15.2,8,6,87,0.6,1.94,3.9,1,20,20
2021/10/12,30,1.96,0.23,0.06,1.3,9.6,11,22.3,18,10,68,0.9,2.02,3.2,1,40,2
2021/10/13,28.7,2.06,0.39,0.15,4.7,16.4,21.2,10.6,23,12,81,0.8,2.22,0.8,1,41,0.5
2021/10/14,28.3,2.09,0.34,0.08,4.9,12.4,17.4,30.9,30,17,83,0.8,2.18,0.6,1,67,0.5
2021/10/15,29.7,2.04,0.26,0.04,2,12.2,14.3,28.5,24,12,60,1.1,2.09,0.9,1,50,0
2021/10/16,28.3,1.96,0.19,0.05,1.1,8.4,9.6,32.3,19,7,62,0.3,2,2.2,0,38,10
2021/10/17,23,1.97,0.18,0.02,1,7.1,8.3,36.9,18,8,66,0.9,2,3.8,0,36,0
2021/10/18,23.7,2,0.26,0.09,1.1,13.4,14.6,31.1,20,6,60,1.2,2.1,2.6,1,38,0
2021/10/19,24.9,2.02,0.25,0.11,0.8,13.8,14.6,31.4,21,7,63,0.9,2.14,2.1,1,38,0
2021/10/20,25.3,2.04,0.28,0.11,1.1,12.2,13.4,39.1,18,8,73,0.3,2.15,1.5,1,47,0
2021/10/21,22.7,2.02,0.24,0.09,0.4,10.4,10.9,31.9,10,5,87,1.2,2.11,1.6,1,32,3
2021/10/22,20.5,2.02,0.28,0.08,0.9,12.4,13.4,35.3,6,5,85,0.5,2.12,3.1,1,40,11
2021/10/23,21.9,2,0.26,0.05,0.8,9.2,10.1,43.4,12,9,68,1.4,2.04,3,0,46,0
2021/10/24,21.3,2,0.23,0.05,0.7,8.3,9,39.7,7,5,86,0.8,2.06,2.3,0,38,14
2021/10/25,23.1,1.98,0.2,0.05,1.2,8.4,9.7,39.7,15,7,74,0.7,2.04,3.1,1,38,0.2
2021/10/26,25.6,1.98,0.23,0.08,1,10.6,11.7,36,15,6,59,1.3,2.06,2,1,39,0
2021/10/27,25,2,0.24,0.09,1.1,11.2,12.4,41,21,9,61,1.3,2.11,2.3,1,45,0
2021/10/28,24.5,2,0.27,0.11,0.8,12,12.9,45.1,26,12,53,1.8,2.11,2.6,1,50,0
2021/10/29,23.6,2.02,0.31,0.12,0.9,13.6,14.5,38.5,26,11,58,2.5,2.15,2.5,1,43,0
2021/10/30,23.6,2.02,0.28,0.11,0.8,12.9,13.7,40.3,21,10,62,2.2,2.14,2.1,0,43,0
2021/10/31,24.4,2.02,0.27,0.08,0.4,10.4,10.9,42.7,22,11,63,2.7,2.1,2.5,0,46,0
2021/11/1,24.6,1.98,0.24,0.07,1.4,10.8,12.3,40.3,21,9,60,1.5,2.04,2.6,1,39,0
2021/11/2,24,2,0.3,0.11,1.3,13.3,14.7,40.2,28,13,61,1.9,2.13,2.2,1,43,0
2021/11/3,24.7,2.04,0.32,0.11,1.3,12.4,13.9,41.5,23,13,64,1.5,2.15,1.5,1,44,0
2021/11/4,25.2,2.04,0.42,0.16,2.9,18.4,21.3,29.3,22,14,72,1.9,2.22,1,1,54,0
2021/11/5,25.1,2.18,0.54,0.2,2.5,19.3,21.9,29.5,38,26,79,2.2,2.38,0.6,1,77,0
2021/11/6,25.9,2.17,0.42,0.14,1.6,15.4,17.1,28.7,30,19,77,2.4,2.31,1,0,61,0
2021/11/7,25.9,2.04,0.3,0.08,1.2,11.5,12.8,38.5,21,10,71,2.3,2.13,1.5,0,48,0
2021/11/8,20.5,2.04,0.28,0.07,1,11.4,12.5,27.5,23,10,78,1,2.11,2.4,1,33,9
2021/11/9,18,2.02,0.28,0.07,1.2,11.1,12.4,37.2,34,14,52,0.8,2.1,2.8,1,47,0
2021/11/10,18.8,2.04,0.3,0.1,0.9,16.6,17.6,37.3,27,12,50,1.3,2.14,1.7,1,53,0
2021/11/11,19.3,2.02,0.28,0.11,2.1,14.4,16.5,38.2,20,10,49,0.8,2.13,1.6,1,51,0
2021/11/12,20.1,2.04,0.3,0.09,0.9,16.5,17.6,39.4,19,12,60,1.5,2.14,1.8,1,57,2.5
2021/11/13,19.2,2,0.26,0.07,1.2,11.2,12.5,37.5,12,8,81,1.3,2.09,1.9,0,37,4
2021/11/14,20.1,2,0.25,0.06,1.3,9.1,10.5,41,16,8,65,1.3,2.06,2.6,0,42,0
2021/11/15,22.5,2,0.26,0.08,1.1,12.4,13.6,35.8,20,10,56,1.1,2.08,1.9,1,43,0
2021/11/16,23.4,2.08,0.39,0.14,4,16.2,20.3,34.9,28,15,67,2.4,2.22,1,1,74,0
2021/11/17,24.3,2.11,0.38,0.15,2,18.6,20.7,29.4,31,17,70,2,2.25,0.6,1,56,0
2021/11/18,21.2,2.04,0.34,0.15,1.3,16.2,17.6,28.6,15,8,91,1.7,2.2,1.3,1,51,3.5
2021/11/19,23.1,2,0.28,0.1,1.7,13.3,15.1,29.1,19,9,79,1.3,2.12,1.8,1,38,0
2021/11/20,24.2,2.02,0.28,0.09,0.8,12.2,13,33.6,22,12,70,2,2.11,1.9,0,42,0
2021/11/21,23.9,2.06,0.3,0.12,1.3,10.5,11.9,33.9,31,15,78,1.5,2.19,0.7,0,51,0
2021/11/22,19.3,2.1,0.39,0.1,0.5,11.9,12.5,22.5,20,11,82,0.3,2.2,2.6,1,36,0
2021/11/23,16.2,2.02,0.34,0.11,1.7,15.7,17.5,19.4,37,14,73,1.4,2.14,2.8,1,52,0
2021/11/24,18.6,2.02,0.33,0.13,1.8,15.4,17.3,23.7,27,11,62,2.4,2.15,2.1,1,37,0
2021/11/25,20.2,2.06,0.31,0.15,2.8,18.2,21.1,21.8,19,9,78,2.2,2.23,1.7,1,47,0
2021/11/26,19.9,1.96,0.21,0.06,1.1,9,10.1,43,20,8,77,1.3,2.02,3.3,1,43,0
2021/11/27,20.4,1.97,0.24,0.05,0.6,8.5,9.1,45.9,16,10,72,1.3,2.02,3.7,0,49,1.5
2021/11/28,23,2,0.28,0.06,1.2,12.1,13.4,28.1,10,7,65,1.2,2.06,1.2,0,35,0
2021/11/29,24.3,2.15,0.46,0.2,8.5,19.2,27.9,12,16,9,68,1,2.35,0.7,1,55,0
2021/11/30,21.8,2.06,0.31,0.1,1.8,12.1,14,21.6,33,18,72,1.9,2.16,1.9,1,58,0
2021/12/1,16.7,2.02,0.32,0.08,1.3,11.2,12.6,27.6,45,20,47,1.5,2.12,3.9,1,64,0
2021/12/2,17.1,2.02,0.28,0.11,1.5,12.6,14.2,29.5,29,13,56,1.1,2.13,2.5,1,45,0
2021/12/3,16.8,2.04,0.32,0.12,1.5,16.6,18.2,35.8,26,13,46,1.4,2.16,2.5,1,50,0
2021/12/4,18.4,2,0.26,0.07,0.9,9.8,10.8,42.6,30,13,43,1.5,2.08,3.2,0,44,0
2021/12/5,19.5,1.99,0.22,0.05,1.1,8.2,9.4,35.8,14,8,67,1.2,2.04,2,0,37,0
2021/12/6,20.3,1.98,0.23,0.07,1.6,10.1,11.8,31.9,11,7,78,1.1,2.06,3,1,31,0.5
2021/12/7,19.7,1.95,0.22,0.07,0.9,10.3,11.3,34.7,21,9,62,1.4,2.02,3.7,1,33,0
2021/12/8,20.6,2,0.24,0.1,0.7,11.1,12,39.3,25,11,51,1.2,2.1,2.9,1,41,0
2021/12/9,20.9,2.1,0.35,0.17,2.4,18.4,20.9,19.9,23,13,65,1.8,2.27,1.2,1,45,0
2021/12/10,22.6,2.02,0.27,0.09,1.2,12.9,14.2,26.4,18,10,59,1.6,2.12,2.1,1,33,0
2021/12/11,21,2.02,0.27,0.1,1.1,12.5,13.7,28.2,20,12,82,0.8,2.13,1.6,0,40,0
2021/12/12,19.7,1.99,0.25,0.05,0.7,7.2,8.1,39.7,17,12,82,1.3,2.04,2.8,0,40,0
2021/12/13,18.9,2.02,0.32,0.08,1.4,10.2,11.7,32.5,19,12,74,0.9,2.1,3.3,1,39,0
2021/12/14,21.5,2.04,0.38,0.13,2.5,16.8,19.4,25.9,17,8,67,1.3,2.19,1,1,53,0
2021/12/15,21.5,2.15,0.51,0.17,5.8,22,27.8,22.8,29,17,77,2.1,2.33,0.6,1,56,0
2021/12/16,21.5,2.09,0.44,0.17,2.4,18.2,20.7,29,47,31,81,1.3,2.25,1,1,90,0
2021/12/17,18.6,2.06,0.39,0.09,0.5,10.6,11.2,36.7,47,24,71,1.3,2.15,3.7,1,72,0
2021/12/18,15.6,2,0.24,0.06,1,8.9,10.1,34.1,35,13,59,1.3,2.06,3.7,0,44,0
2021/12/19,17.6,1.99,0.22,0.04,1.2,8.3,9.6,35.3,19,8,53,1.4,2.04,2.7,0,36,0
2021/12/20,18.2,2.17,0.54,0.19,7,27.2,34.3,14.4,22,14,70,1.5,2.37,0.5,1,61,0.5
2021/12/21,17.8,2.14,0.5,0.21,9.3,18.5,27.9,18.8,20,18,91,1,2.35,1.1,1,57,51
2021/12/22,17.4,2.04,0.35,0.1,1.4,12.2,13.7,32.8,13,8,88,0.4,2.14,2.4,1,37,11.5
2021/12/23,19.1,2.04,0.37,0.13,0.6,13.3,14,34.8,34,17,88,0.8,2.18,1.4,1,56,2.6
2021/12/24,18.8,2.02,0.32,0.11,1.3,14.4,15.8,28.1,29,18,91,0.9,2.13,1,1,57,2.5
2021/12/25,16.6,2,0.3,0.05,0.6,8,8.8,38.2,23,14,79,1,2.06,3.8,0,48,0
2021/12/26,13.9,1.99,0.24,0.03,1.1,5.6,6.8,33,10,8,81,1,2.02,4.2,0,32,0
2021/12/27,13.2,2,0.28,0.09,1.1,11.3,12.5,26.7,12,11,84,0.6,2.1,3.1,1,36,1.5
2021/12/28,17,2.04,0.33,0.1,1.9,12.7,14.6,24.8,12,7,81,1.1,2.14,1.6,1,32,0
2021/12/29,18,2.06,0.39,0.12,3.3,16.8,20.1,18.3,20,15,84,1.6,2.2,1.1,1,50,5
2021/12/30,16.3,2.11,0.47,0.12,1.5,14.6,16.2,36.9,47,27,67,1.4,2.23,2.7,1,81,0
2021/12/31,16.4,2.02,0.32,0.08,1,10.9,12,36.8,28,16,64,1.6,2.11,2.6,1,53,0
